Workbook

Sheet Live_Input
A1: ⚾ SIGNAL-INTERCEPT | Live Data Collection Engine
A2: INNING | B2: OUTS | C2: COUNT | D2: SCORE | E2: R on 2nd? | F2: CHEST WIPE | G2: TOUCH MASK | H2: GLOVE TAP | I2: SHIFT SETUP | J2: SIGN RESET? | K2: RAW SIGN STRING (e.g. 2-4-1-3-1) | L2: PITCH RESULT | M2: SIGN 1 | N2: SIGN 2 | O2: SIGN 3 | P2: SIGN 4 | Q2: SIGN 5 | R2: SIGN 6 | S2: SIGN 7 | T2: LAST SIGN | U2: SEQ LEN | V2: SHAKE COUNT | W2: SHAKE-ADJ SIGN | X2: THEORY PREDICTED | Y2: CORRECT?
A3: 1 | B3: 0 | E3: =FALSE() -> FALSE | F3: =FALSE() -> FALSE | G3: =FALSE() -> FALSE | H3: =FALSE() -> FALSE | I3: =FALSE() -> FALSE | J3: =FALSE() -> FALSE | M3: =IFERROR(VALUE(TRIM(MID(SUBSTITUTE(K3,"-",REPT(" ",100)),(1-1)*100+1,100))),"") | N3: =IFERROR(VALUE(TRIM(MID(SUBSTITUTE(K3,"-",REPT(" ",100)),(2-1)*100+1,100))),"") | O3: =IFERROR(VALUE(TRIM(MID(SUBSTITUTE(K3,"-",REPT(" ",100)),(3-1)*100+1,100))),"") | P3: =IFERROR(VALUE(TRIM(MID(SUBSTITUTE(K3,"-",REPT(" ",100)),(4-1)*100+1,100))),"") | Q3: =IFERROR(VALUE(TRIM(MID(SUBSTITUTE(K3,"-",REPT(" ",100)),(5-1)*100+1,100))),"") | R3: =IFERROR(VALUE(TRIM(MID(SUBSTITUTE(K3,"-",REPT(" ",100)),(6-1)*100+1,100))),"") | S3: =IFERROR(VALUE(TRIM(MID(SUBSTITUTE(K3,"-",REPT(" ",100)),(7-1)*100+1,100))),"") | T3: =IFERROR(LOOKUP(2,1/(M3:S3<>""),M3:S3),"") | U3: =IF(K3="","",LEN(K3)-LEN(SUBSTITUTE(K3,"-",""))+1) | V3: 0 | W3: =IFERROR(IF(V3=0,T3,IFERROR(VALUE(TRIM(MID(SUBSTITUTE(K3,"-",REPT(" ",100)),(U3-V3-1)*100+1,100))),"")),"") | X3: =IFERROR(RealTime_Prediction!B4,"") -> ⚠ No confident prediction | Y3: =IF(AND(X3<>"",L3<>""),IF(X3=L3,"✓ YES","✗ NO"),"")
A4: 1 | B4: 0 | E4: =FALSE() -> FALSE | F4: =FALSE() -> FALSE | G4: =FALSE() -> FALSE | H4: =FALSE() -> FALSE | I4: =FALSE() -> FALSE | J4: =FALSE() -> FALSE | M4: =IFERROR(VALUE(TRIM(MID(SUBSTITUTE(K4,"-",REPT(" ",100)),(1-1)*100+1,100))),"") | N4: =IFERROR(VALUE(TRIM(MID(SUBSTITUTE(K4,"-",REPT(" ",100)),(2-1)*100+1,100))),"") | O4: =IFERROR(VALUE(TRIM(MID(SUBSTITUTE(K4,"-",REPT(" ",100)),(3-1)*100+1,100))),"") | P4: =IFERROR(VALUE(TRIM(MID(SUBSTITUTE(K4,"-",REPT(" ",100)),(4-1)*100+1,100))),"") | Q4: =IFERROR(VALUE(TRIM(MID(SUBSTITUTE(K4,"-",REPT(" ",100)),(5-1)*100+1,100))),"") | R4: =IFERROR(VALUE(TRIM(MID(SUBSTITUTE(K4,"-",REPT(" ",100)),(6-1)*100+1,100))),"") | S4: =IFERROR(VALUE(TRIM(MID(SUBSTITUTE(K4,"-",REPT(" ",100)),(7-1)*100+1,100))),"") | T4: =IFERROR(LOOKUP(2,1/(M4:S4<>""),M4:S4),"") | U4: =IF(K4="","",LEN(K4)-LEN(SUBSTITUTE(K4,"-",""))+1) | V4: 0 | W4: =IFERROR(IF(V4=0,T4,IFERROR(VALUE(TRIM(MID(SUBSTITUTE(K4,"-",REPT(" ",100)),(U4-V4-1)*100+1,100))),"")),"") | X4: =IFERROR(RealTime_Prediction!B4,"") -> ⚠ No confident prediction | Y4: =IF(AND(X4<>"",L4<>""),IF(X4=L4,"✓ YES","✗ NO"),"")
A5: 1 | B5: 1 | E5: =FALSE() -> FALSE | F5: =FALSE() -> FALSE | G5: =FALSE() -> FALSE | H5: =FALSE() -> FALSE | I5: =FALSE() -> FALSE | J5: =FALSE() -> FALSE | M5: =IFERROR(VALUE(TRIM(MID(SUBSTITUTE(K5,"-",REPT(" ",100)),(1-1)*100+1,100))),"") | N5: =IFERROR(VALUE(TRIM(MID(SUBSTITUTE(K5,"-",REPT(" ",100)),(2-1)*100+1,100))),"") | O5: =IFERROR(VALUE(TRIM(MID(SUBSTITUTE(K5,"-",REPT(" ",100)),(3-1)*100+1,100))),"") | P5: =IFERROR(VALUE(TRIM(MID(SUBSTITUTE(K5,"-",REPT(" ",100)),(4-1)*100+1,100))),"") | Q5: =IFERROR(VALUE(TRIM(MID(SUBSTITUTE(K5,"-",REPT(" ",100)),(5-1)*100+1,100))),"") | R5: =IFERROR(VALUE(TRIM(MID(SUBSTITUTE(K5,"-",REPT(" ",100)),(6-1)*100+1,100))),"") | S5: =IFERROR(VALUE(TRIM(MID(SUBSTITUTE(K5,"-",REPT(" ",100)),(7-1)*100+1,100))),"") | T5: =IFERROR(LOOKUP(2,1/(M5:S5<>""),M5:S5),"") | U5: =IF(K5="","",LEN(K5)-LEN(SUBSTITUTE(K5,"-",""))+1) | V5: 0 | W5: =IFERROR(IF(V5=0,T5,IFERROR(VALUE(TRIM(MID(SUBSTITUTE(K5,"-",REPT(" ",100)),(U5-V5-1)*100+1,100))),"")),"") | X5: =IFERROR(RealTime_Prediction!B4,"") -> ⚠ No confident prediction | Y5: =IF(AND(X5<>"",L5<>""),IF(X5=L5,"✓ YES","✗ NO"),"")
A6: 1 | B6: 1 | E6: =FALSE() -> FALSE | F6: =FALSE() -> FALSE | G6: =FALSE() -> FALSE | H6: =FALSE() -> FALSE | I6: =FALSE() -> FALSE | J6: =FALSE() -> FALSE | M6: =IFERROR(VALUE(TRIM(MID(SUBSTITUTE(K6,"-",REPT(" ",100)),(1-1)*100+1,100))),"") | N6: =IFERROR(VALUE(TRIM(MID(SUBSTITUTE(K6,"-",REPT(" ",100)),(2-1)*100+1,100))),"") | O6: =IFERROR(VALUE(TRIM(MID(SUBSTITUTE(K6,"-",REPT(" ",100)),(3-1)*100+1,100))),"") | P6: =IFERROR(VALUE(TRIM(MID(SUBSTITUTE(K6,"-",REPT(" ",100)),(4-1)*100+1,100))),"") | Q6: =IFERROR(VALUE(TRIM(MID(SUBSTITUTE(K6,"-",REPT(" ",100)),(5-1)*100+1,100))),"") | R6: =IFERROR(VALUE(TRIM(MID(SUBSTITUTE(K6,"-",REPT(" ",100)),(6-1)*100+1,100))),"") | S6: =IFERROR(VALUE(TRIM(MID(SUBSTITUTE(K6,"-",REPT(" ",100)),(7-1)*100+1,100))),"") | T6: =IFERROR(LOOKUP(2,1/(M6:S6<>""),M6:S6),"") | U6: =IF(K6="","",LEN(K6)-LEN(SUBSTITUTE(K6,"-",""))+1) | V6: 0 | W6: =IFERROR(IF(V6=0,T6,IFERROR(VALUE(TRIM(MID(SUBSTITUTE(K6,"-",REPT(" ",100)),(U6-V6-1)*100+1,100))),"")),"") | X6: =IFERROR(RealTime_Prediction!B4,"") -> ⚠ No confident prediction | Y6: =IF(AND(X6<>"",L6<>""),IF(X6=L6,"✓ YES","✗ NO"),"")
A7: 1 | B7: 1 | E7: =FALSE() -> FALSE | F7: =FALSE() -> FALSE | G7: =FALSE() -> FALSE | H7: =FALSE() -> FALSE | I7: =FALSE() -> FALSE | J7: =FALSE() -> FALSE | M7: =IFERROR(VALUE(TRIM(MID(SUBSTITUTE(K7,"-",REPT(" ",100)),(1-1)*100+1,100))),"") | N7: =IFERROR(VALUE(TRIM(MID(SUBSTITUTE(K7,"-",REPT(" ",100)),(2-1)*100+1,100))),"") | O7: =IFERROR(VALUE(TRIM(MID(SUBSTITUTE(K7,"-",REPT(" ",100)),(3-1)*100+1,100))),"") | P7: =IFERROR(VALUE(TRIM(MID(SUBSTITUTE(K7,"-",REPT(" ",100)),(4-1)*100+1,100))),"") | Q7: =IFERROR(VALUE(TRIM(MID(SUBSTITUTE(K7,"-",REPT(" ",100)),(5-1)*100+1,100))),"") | R7: =IFERROR(VALUE(TRIM(MID(SUBSTITUTE(K7,"-",REPT(" ",100)),(6-1)*100+1,100))),"") | S7: =IFERROR(VALUE(TRIM(MID(SUBSTITUTE(K7,"-",REPT(" ",100)),(7-1)*100+1,100))),"") | T7: =IFERROR(LOOKUP(2,1/(M7:S7<>""),M7:S7),"") | U7: =IF(K7="","",LEN(K7)-LEN(SUBSTITUTE(K7,"-",""))+1) | V7: 0 | W7: =IFERROR(IF(V7=0,T7,IFERROR(VALUE(TRIM(MID(SUBSTITUTE(K7,"-",REPT(" ",100)),(U7-V7-1)*100+1,100))),"")),"") | X7: =IFERROR(RealTime_Prediction!B4,"") -> ⚠ No confident prediction | Y7: =IF(AND(X7<>"",L7<>""),IF(X7=L7,"✓ YES","✗ NO"),"")
E8: =FALSE() -> FALSE | F8: =FALSE() -> FALSE | G8: =FALSE() -> FALSE | H8: =FALSE() -> FALSE | I8: =FALSE() -> FALSE | J8: =FALSE() -> FALSE | M8: =IFERROR(VALUE(TRIM(MID(SUBSTITUTE(K8,"-",REPT(" ",100)),(1-1)*100+1,100))),"") | N8: =IFERROR(VALUE(TRIM(MID(SUBSTITUTE(K8,"-",REPT(" ",100)),(2-1)*100+1,100))),"") | O8: =IFERROR(VALUE(TRIM(MID(SUBSTITUTE(K8,"-",REPT(" ",100)),(3-1)*100+1,100))),"") | P8: =IFERROR(VALUE(TRIM(MID(SUBSTITUTE(K8,"-",REPT(" ",100)),(4-1)*100+1,100))),"") | Q8: =IFERROR(VALUE(TRIM(MID(SUBSTITUTE(K8,"-",REPT(" ",100)),(5-1)*100+1,100))),"") | R8: =IFERROR(VALUE(TRIM(MID(SUBSTITUTE(K8,"-",REPT(" ",100)),(6-1)*100+1,100))),"") | S8: =IFERROR(VALUE(TRIM(MID(SUBSTITUTE(K8,"-",REPT(" ",100)),(7-1)*100+1,100))),"") | T8: =IFERROR(LOOKUP(2,1/(M8:S8<>""),M8:S8),"") | U8: =IF(K8="","",LEN(K8)-LEN(SUBSTITUTE(K8,"-",""))+1) | V8: 0 | W8: =IFERROR(IF(V8=0,T8,IFERROR(VALUE(TRIM(MID(SUBSTITUTE(K8,"-",REPT(" ",100)),(U8-V8-1)*100+1,100))),"")),"") | X8: =IFERROR(RealTime_Prediction!B4,"") -> ⚠ No confident prediction | Y8: =IF(AND(X8<>"",L8<>""),IF(X8=L8,"✓ YES","✗ NO"),"")
E9: =FALSE() -> FALSE | F9: =FALSE() -> FALSE | G9: =FALSE() -> FALSE | H9: =FALSE() -> FALSE | I9: =FALSE() -> FALSE | J9: =FALSE() -> FALSE | M9: =IFERROR(VALUE(TRIM(MID(SUBSTITUTE(K9,"-",REPT(" ",100)),(1-1)*100+1,100))),"") | N9: =IFERROR(VALUE(TRIM(MID(SUBSTITUTE(K9,"-",REPT(" ",100)),(2-1)*100+1,100))),"") | O9: =IFERROR(VALUE(TRIM(MID(SUBSTITUTE(K9,"-",REPT(" ",100)),(3-1)*100+1,100))),"") | P9: =IFERROR(VALUE(TRIM(MID(SUBSTITUTE(K9,"-",REPT(" ",100)),(4-1)*100+1,100))),"") | Q9: =IFERROR(VALUE(TRIM(MID(SUBSTITUTE(K9,"-",REPT(" ",100)),(5-1)*100+1,100))),"") | R9: =IFERROR(VALUE(TRIM(MID(SUBSTITUTE(K9,"-",REPT(" ",100)),(6-1)*100+1,100))),"") | S9: =IFERROR(VALUE(TRIM(MID(SUBSTITUTE(K9,"-",REPT(" ",100)),(7-1)*100+1,100))),"") | T9: =IFERROR(LOOKUP(2,1/(M9:S9<>""),M9:S9),"") | U9: =IF(K9="","",LEN(K9)-LEN(SUBSTITUTE(K9,"-",""))+1) | V9: 0 | W9: =IFERROR(IF(V9=0,T9,IFERROR(VALUE(TRIM(MID(SUBSTITUTE(K9,"-",REPT(" ",100)),(U9-V9-1)*100+1,100))),"")),"") | X9: =IFERROR(RealTime_Prediction!B4,"") -> ⚠ No confident prediction | Y9: =IF(AND(X9<>"",L9<>""),IF(X9=L9,"✓ YES","✗ NO"),"")
E10: =FALSE() -> FALSE | F10: =FALSE() -> FALSE | G10: =FALSE() -> FALSE | H10: =FALSE() -> FALSE | I10: =FALSE() -> FALSE | J10: =FALSE() -> FALSE | M10: =IFERROR(VALUE(TRIM(MID(SUBSTITUTE(K10,"-",REPT(" ",100)),(1-1)*100+1,100))),"") | N10: =IFERROR(VALUE(TRIM(MID(SUBSTITUTE(K10,"-",REPT(" ",100)),(2-1)*100+1,100))),"") | O10: =IFERROR(VALUE(TRIM(MID(SUBSTITUTE(K10,"-",REPT(" ",100)),(3-1)*100+1,100))),"") | P10: =IFERROR(VALUE(TRIM(MID(SUBSTITUTE(K10,"-",REPT(" ",100)),(4-1)*100+1,100))),"") | Q10: =IFERROR(VALUE(TRIM(MID(SUBSTITUTE(K10,"-",REPT(" ",100)),(5-1)*100+1,100))),"") | R10: =IFERROR(VALUE(TRIM(MID(SUBSTITUTE(K10,"-",REPT(" ",100)),(6-1)*100+1,100))),"") | S10: =IFERROR(VALUE(TRIM(MID(SUBSTITUTE(K10,"-",REPT(" ",100)),(7-1)*100+1,100))),"") | T10: =IFERROR(LOOKUP(2,1/(M10:S10<>""),M10:S10),"") | U10: =IF(K10="","",LEN(K10)-LEN(SUBSTITUTE(K10,"-",""))+1) | V10: 0 | W10: =IFERROR(IF(V10=0,T10,IFERROR(VALUE(TRIM(MID(SUBSTITUTE(K10,"-",REPT(" ",100)),(U10-V10-1)*100+1,100))),"")),"") | X10: =IFERROR(RealTime_Prediction!B4,"") -> ⚠ No confident prediction | Y10: =IF(AND(X10<>"",L10<>""),IF(X10=L10,"✓ YES","✗ NO"),"")
E11: =FALSE() -> FALSE | F11: =FALSE() -> FALSE | G11: =FALSE() -> FALSE | H11: =FALSE() -> FALSE | I11: =FALSE() -> FALSE | J11: =FALSE() -> FALSE | M11: =IFERROR(VALUE(TRIM(MID(SUBSTITUTE(K11,"-",REPT(" ",100)),(1-1)*100+1,100))),"") | N11: =IFERROR(VALUE(TRIM(MID(SUBSTITUTE(K11,"-",REPT(" ",100)),(2-1)*100+1,100))),"") | O11: =IFERROR(VALUE(TRIM(MID(SUBSTITUTE(K11,"-",REPT(" ",100)),(3-1)*100+1,100))),"") | P11: =IFERROR(VALUE(TRIM(MID(SUBSTITUTE(K11,"-",REPT(" ",100)),(4-1)*100+1,100))),"") | Q11: =IFERROR(VALUE(TRIM(MID(SUBSTITUTE(K11,"-",REPT(" ",100)),(5-1)*100+1,100))),"") | R11: =IFERROR(VALUE(TRIM(MID(SUBSTITUTE(K11,"-",REPT(" ",100)),(6-1)*100+1,100))),"") | S11: =IFERROR(VALUE(TRIM(MID(SUBSTITUTE(K11,"-",REPT(" ",100)),(7-1)*100+1,100))),"") | T11: =IFERROR(LOOKUP(2,1/(M11:S11<>""),M11:S11),"") | U11: =IF(K11="","",LEN(K11)-LEN(SUBSTITUTE(K11,"-",""))+1) | V11: 0 | W11: =IFERROR(IF(V11=0,T11,IFERROR(VALUE(TRIM(MID(SUBSTITUTE(K11,"-",REPT(" ",100)),(U11-V11-1)*100+1,100))),"")),"") | X11: =IFERROR(RealTime_Prediction!B4,"") -> ⚠ No confident prediction | Y11: =IF(AND(X11<>"",L11<>""),IF(X11=L11,"✓ YES","✗ NO"),"")
E12: =FALSE() -> FALSE | F12: =FALSE() -> FALSE | G12: =FALSE() -> FALSE | H12: =FALSE() -> FALSE | I12: =FALSE() -> FALSE | J12: =FALSE() -> FALSE | M12: =IFERROR(VALUE(TRIM(MID(SUBSTITUTE(K12,"-",REPT(" ",100)),(1-1)*100+1,100))),"") | N12: =IFERROR(VALUE(TRIM(MID(SUBSTITUTE(K12,"-",REPT(" ",100)),(2-1)*100+1,100))),"") | O12: =IFERROR(VALUE(TRIM(MID(SUBSTITUTE(K12,"-",REPT(" ",100)),(3-1)*100+1,100))),"") | P12: =IFERROR(VALUE(TRIM(MID(SUBSTITUTE(K12,"-",REPT(" ",100)),(4-1)*100+1,100))),"") | Q12: =IFERROR(VALUE(TRIM(MID(SUBSTITUTE(K12,"-",REPT(" ",100)),(5-1)*100+1,100))),"") | R12: =IFERROR(VALUE(TRIM(MID(SUBSTITUTE(K12,"-",REPT(" ",100)),(6-1)*100+1,100))),"") | S12: =IFERROR(VALUE(TRIM(MID(SUBSTITUTE(K12,"-",REPT(" ",100)),(7-1)*100+1,100))),"") | T12: =IFERROR(LOOKUP(2,1/(M12:S12<>""),M12:S12),"") | U12: =IF(K12="","",LEN(K12)-LEN(SUBSTITUTE(K12,"-",""))+1) | V12: 0 | W12: =IFERROR(IF(V12=0,T12,IFERROR(VALUE(TRIM(MID(SUBSTITUTE(K12,"-",REPT(" ",100)),(U12-V12-1)*100+1,100))),"")),"") | X12: =IFERROR(RealTime_Prediction!B4,"") -> ⚠ No confident prediction | Y12: =IF(AND(X12<>"",L12<>""),IF(X12=L12,"✓ YES","✗ NO"),"")
E13: =FALSE() -> FALSE | F13: =FALSE() -> FALSE | G13: =FALSE() -> FALSE | H13: =FALSE() -> FALSE | I13: =FALSE() -> FALSE | J13: =FALSE() -> FALSE | M13: =IFERROR(VALUE(TRIM(MID(SUBSTITUTE(K13,"-",REPT(" ",100)),(1-1)*100+1,100))),"") | N13: =IFERROR(VALUE(TRIM(MID(SUBSTITUTE(K13,"-",REPT(" ",100)),(2-1)*100+1,100))),"") | O13: =IFERROR(VALUE(TRIM(MID(SUBSTITUTE(K13,"-",REPT(" ",100)),(3-1)*100+1,100))),"") | P13: =IFERROR(VALUE(TRIM(MID(SUBSTITUTE(K13,"-",REPT(" ",100)),(4-1)*100+1,100))),"") | Q13: =IFERROR(VALUE(TRIM(MID(SUBSTITUTE(K13,"-",REPT(" ",100)),(5-1)*100+1,100))),"") | R13: =IFERROR(VALUE(TRIM(MID(SUBSTITUTE(K13,"-",REPT(" ",100)),(6-1)*100+1,100))),"") | S13: =IFERROR(VALUE(TRIM(MID(SUBSTITUTE(K13,"-",REPT(" ",100)),(7-1)*100+1,100))),"") | T13: =IFERROR(LOOKUP(2,1/(M13:S13<>""),M13:S13),"") | U13: =IF(K13="","",LEN(K13)-LEN(SUBSTITUTE(K13,"-",""))+1) | V13: 0 | W13: =IFERROR(IF(V13=0,T13,IFERROR(VALUE(TRIM(MID(SUBSTITUTE(K13,"-",REPT(" ",100)),(U13-V13-1)*100+1,100))),"")),"") | X13: =IFERROR(RealTime_Prediction!B4,"") -> ⚠ No confident prediction | Y13: =IF(AND(X13<>"",L13<>""),IF(X13=L13,"✓ YES","✗ NO"),"")
E14: =FALSE() -> FALSE | F14: =FALSE() -> FALSE | G14: =FALSE() -> FALSE | H14: =FALSE() -> FALSE | I14: =FALSE() -> FALSE | J14: =FALSE() -> FALSE | M14: =IFERROR(VALUE(TRIM(MID(SUBSTITUTE(K14,"-",REPT(" ",100)),(1-1)*100+1,100))),"") | N14: =IFERROR(VALUE(TRIM(MID(SUBSTITUTE(K14,"-",REPT(" ",100)),(2-1)*100+1,100))),"") | O14: =IFERROR(VALUE(TRIM(MID(SUBSTITUTE(K14,"-",REPT(" ",100)),(3-1)*100+1,100))),"") | P14: =IFERROR(VALUE(TRIM(MID(SUBSTITUTE(K14,"-",REPT(" ",100)),(4-1)*100+1,100))),"") | Q14: =IFERROR(VALUE(TRIM(MID(SUBSTITUTE(K14,"-",REPT(" ",100)),(5-1)*100+1,100))),"") | R14: =IFERROR(VALUE(TRIM(MID(SUBSTITUTE(K14,"-",REPT(" ",100)),(6-1)*100+1,100))),"") | S14: =IFERROR(VALUE(TRIM(MID(SUBSTITUTE(K14,"-",REPT(" ",100)),(7-1)*100+1,100))),"") | T14: =IFERROR(LOOKUP(2,1/(M14:S14<>""),M14:S14),"") | U14: =IF(K14="","",LEN(K14)-LEN(SUBSTITUTE(K14,"-",""))+1) | V14: 0 | W14: =IFERROR(IF(V14=0,T14,IFERROR(VALUE(TRIM(MID(SUBSTITUTE(K14,"-",REPT(" ",100)),(U14-V14-1)*100+1,100))),"")),"") | X14: =IFERROR(RealTime_Prediction!B4,"") -> ⚠ No confident prediction | Y14: =IF(AND(X14<>"",L14<>""),IF(X14=L14,"✓ YES","✗ NO"),"")
E15: =FALSE() -> FALSE | F15: =FALSE() -> FALSE | G15: =FALSE() -> FALSE | H15: =FALSE() -> FALSE | I15: =FALSE() -> FALSE | J15: =FALSE() -> FALSE | M15: =IFERROR(VALUE(TRIM(MID(SUBSTITUTE(K15,"-",REPT(" ",100)),(1-1)*100+1,100))),"") | N15: =IFERROR(VALUE(TRIM(MID(SUBSTITUTE(K15,"-",REPT(" ",100)),(2-1)*100+1,100))),"") | O15: =IFERROR(VALUE(TRIM(MID(SUBSTITUTE(K15,"-",REPT(" ",100)),(3-1)*100+1,100))),"") | P15: =IFERROR(VALUE(TRIM(MID(SUBSTITUTE(K15,"-",REPT(" ",100)),(4-1)*100+1,100))),"") | Q15: =IFERROR(VALUE(TRIM(MID(SUBSTITUTE(K15,"-",REPT(" ",100)),(5-1)*100+1,100))),"") | R15: =IFERROR(VALUE(TRIM(MID(SUBSTITUTE(K15,"-",REPT(" ",100)),(6-1)*100+1,100))),"") | S15: =IFERROR(VALUE(TRIM(MID(SUBSTITUTE(K15,"-",REPT(" ",100)),(7-1)*100+1,100))),"") | T15: =IFERROR(LOOKUP(2,1/(M15:S15<>""),M15:S15),"") | U15: =IF(K15="","",LEN(K15)-LEN(SUBSTITUTE(K15,"-",""))+1) | V15: 0 | W15: =IFERROR(IF(V15=0,T15,IFERROR(VALUE(TRIM(MID(SUBSTITUTE(K15,"-",REPT(" ",100)),(U15-V15-1)*100+1,100))),"")),"") | X15: =IFERROR(RealTime_Prediction!B4,"") -> ⚠ No confident prediction | Y15: =IF(AND(X15<>"",L15<>""),IF(X15=L15,"✓ YES","✗ NO"),"")
E16: =FALSE() -> FALSE | F16: =FALSE() -> FALSE | G16: =FALSE() -> FALSE | H16: =FALSE() -> FALSE | I16: =FALSE() -> FALSE | J16: =FALSE() -> FALSE | M16: =IFERROR(VALUE(TRIM(MID(SUBSTITUTE(K16,"-",REPT(" ",100)),(1-1)*100+1,100))),"") | N16: =IFERROR(VALUE(TRIM(MID(SUBSTITUTE(K16,"-",REPT(" ",100)),(2-1)*100+1,100))),"") | O16: =IFERROR(VALUE(TRIM(MID(SUBSTITUTE(K16,"-",REPT(" ",100)),(3-1)*100+1,100))),"") | P16: =IFERROR(VALUE(TRIM(MID(SUBSTITUTE(K16,"-",REPT(" ",100)),(4-1)*100+1,100))),"") | Q16: =IFERROR(VALUE(TRIM(MID(SUBSTITUTE(K16,"-",REPT(" ",100)),(5-1)*100+1,100))),"") | R16: =IFERROR(VALUE(TRIM(MID(SUBSTITUTE(K16,"-",REPT(" ",100)),(6-1)*100+1,100))),"") | S16: =IFERROR(VALUE(TRIM(MID(SUBSTITUTE(K16,"-",REPT(" ",100)),(7-1)*100+1,100))),"") | T16: =IFERROR(LOOKUP(2,1/(M16:S16<>""),M16:S16),"") | U16: =IF(K16="","",LEN(K16)-LEN(SUBSTITUTE(K16,"-",""))+1) | V16: 0 | W16: =IFERROR(IF(V16=0,T16,IFERROR(VALUE(TRIM(MID(SUBSTITUTE(K16,"-",REPT(" ",100)),(U16-V16-1)*100+1,100))),"")),"") | X16: =IFERROR(RealTime_Prediction!B4,"") -> ⚠ No confident prediction | Y16: =IF(AND(X16<>"",L16<>""),IF(X16=L16,"✓ YES","✗ NO"),"")
E17: =FALSE() -> FALSE | F17: =FALSE() -> FALSE | G17: =FALSE() -> FALSE | H17: =FALSE() -> FALSE | I17: =FALSE() -> FALSE | J17: =FALSE() -> FALSE | M17: =IFERROR(VALUE(TRIM(MID(SUBSTITUTE(K17,"-",REPT(" ",100)),(1-1)*100+1,100))),"") | N17: =IFERROR(VALUE(TRIM(MID(SUBSTITUTE(K17,"-",REPT(" ",100)),(2-1)*100+1,100))),"") | O17: =IFERROR(VALUE(TRIM(MID(SUBSTITUTE(K17,"-",REPT(" ",100)),(3-1)*100+1,100))),"") | P17: =IFERROR(VALUE(TRIM(MID(SUBSTITUTE(K17,"-",REPT(" ",100)),(4-1)*100+1,100))),"") | Q17: =IFERROR(VALUE(TRIM(MID(SUBSTITUTE(K17,"-",REPT(" ",100)),(5-1)*100+1,100))),"") | R17: =IFERROR(VALUE(TRIM(MID(SUBSTITUTE(K17,"-",REPT(" ",100)),(6-1)*100+1,100))),"") | S17: =IFERROR(VALUE(TRIM(MID(SUBSTITUTE(K17,"-",REPT(" ",100)),(7-1)*100+1,100))),"") | T17: =IFERROR(LOOKUP(2,1/(M17:S17<>""),M17:S17),"") | U17: =IF(K17="","",LEN(K17)-LEN(SUBSTITUTE(K17,"-",""))+1) | V17: 0 | W17: =IFERROR(IF(V17=0,T17,IFERROR(VALUE(TRIM(MID(SUBSTITUTE(K17,"-",REPT(" ",100)),(U17-V17-1)*100+1,100))),"")),"") | X17: =IFERROR(RealTime_Prediction!B4,"") -> ⚠ No confident prediction | Y17: =IF(AND(X17<>"",L17<>""),IF(X17=L17,"✓ YES","✗ NO"),"")
E18: =FALSE() -> FALSE | F18: =FALSE() -> FALSE | G18: =FALSE() -> FALSE | H18: =FALSE() -> FALSE | I18: =FALSE() -> FALSE | J18: =FALSE() -> FALSE | M18: =IFERROR(VALUE(TRIM(MID(SUBSTITUTE(K18,"-",REPT(" ",100)),(1-1)*100+1,100))),"") | N18: =IFERROR(VALUE(TRIM(MID(SUBSTITUTE(K18,"-",REPT(" ",100)),(2-1)*100+1,100))),"") | O18: =IFERROR(VALUE(TRIM(MID(SUBSTITUTE(K18,"-",REPT(" ",100)),(3-1)*100+1,100))),"") | P18: =IFERROR(VALUE(TRIM(MID(SUBSTITUTE(K18,"-",REPT(" ",100)),(4-1)*100+1,100))),"") | Q18: =IFERROR(VALUE(TRIM(MID(SUBSTITUTE(K18,"-",REPT(" ",100)),(5-1)*100+1,100))),"") | R18: =IFERROR(VALUE(TRIM(MID(SUBSTITUTE(K18,"-",REPT(" ",100)),(6-1)*100+1,100))),"") | S18: =IFERROR(VALUE(TRIM(MID(SUBSTITUTE(K18,"-",REPT(" ",100)),(7-1)*100+1,100))),"") | T18: =IFERROR(LOOKUP(2,1/(M18:S18<>""),M18:S18),"") | U18: =IF(K18="","",LEN(K18)-LEN(SUBSTITUTE(K18,"-",""))+1) | V18: 0 | W18: =IFERROR(IF(V18=0,T18,IFERROR(VALUE(TRIM(MID(SUBSTITUTE(K18,"-",REPT(" ",100)),(U18-V18-1)*100+1,100))),"")),"") | X18: =IFERROR(RealTime_Prediction!B4,"") -> ⚠ No confident prediction | Y18: =IF(AND(X18<>"",L18<>""),IF(X18=L18,"✓ YES","✗ NO"),"")
E19: =FALSE() -> FALSE | F19: =FALSE() -> FALSE | G19: =FALSE() -> FALSE | H19: =FALSE() -> FALSE | I19: =FALSE() -> FALSE | J19: =FALSE() -> FALSE | M19: =IFERROR(VALUE(TRIM(MID(SUBSTITUTE(K19,"-",REPT(" ",100)),(1-1)*100+1,100))),"") | N19: =IFERROR(VALUE(TRIM(MID(SUBSTITUTE(K19,"-",REPT(" ",100)),(2-1)*100+1,100))),"") | O19: =IFERROR(VALUE(TRIM(MID(SUBSTITUTE(K19,"-",REPT(" ",100)),(3-1)*100+1,100))),"") | P19: =IFERROR(VALUE(TRIM(MID(SUBSTITUTE(K19,"-",REPT(" ",100)),(4-1)*100+1,100))),"") | Q19: =IFERROR(VALUE(TRIM(MID(SUBSTITUTE(K19,"-",REPT(" ",100)),(5-1)*100+1,100))),"") | R19: =IFERROR(VALUE(TRIM(MID(SUBSTITUTE(K19,"-",REPT(" ",100)),(6-1)*100+1,100))),"") | S19: =IFERROR(VALUE(TRIM(MID(SUBSTITUTE(K19,"-",REPT(" ",100)),(7-1)*100+1,100))),"") | T19: =IFERROR(LOOKUP(2,1/(M19:S19<>""),M19:S19),"") | U19: =IF(K19="","",LEN(K19)-LEN(SUBSTITUTE(K19,"-",""))+1) | V19: 0 | W19: =IFERROR(IF(V19=0,T19,IFERROR(VALUE(TRIM(MID(SUBSTITUTE(K19,"-",REPT(" ",100)),(U19-V19-1)*100+1,100))),"")),"") | X19: =IFERROR(RealTime_Prediction!B4,"") -> ⚠ No confident prediction | Y19: =IF(AND(X19<>"",L19<>""),IF(X19=L19,"✓ YES","✗ NO"),"")
E20: =FALSE() -> FALSE | F20: =FALSE() -> FALSE | G20: =FALSE() -> FALSE | H20: =FALSE() -> FALSE | I20: =FALSE() -> FALSE | J20: =FALSE() -> FALSE | M20: =IFERROR(VALUE(TRIM(MID(SUBSTITUTE(K20,"-",REPT(" ",100)),(1-1)*100+1,100))),"") | N20: =IFERROR(VALUE(TRIM(MID(SUBSTITUTE(K20,"-",REPT(" ",100)),(2-1)*100+1,100))),"") | O20: =IFERROR(VALUE(TRIM(MID(SUBSTITUTE(K20,"-",REPT(" ",100)),(3-1)*100+1,100))),"") | P20: =IFERROR(VALUE(TRIM(MID(SUBSTITUTE(K20,"-",REPT(" ",100)),(4-1)*100+1,100))),"") | Q20: =IFERROR(VALUE(TRIM(MID(SUBSTITUTE(K20,"-",REPT(" ",100)),(5-1)*100+1,100))),"") | R20: =IFERROR(VALUE(TRIM(MID(SUBSTITUTE(K20,"-",REPT(" ",100)),(6-1)*100+1,100))),"") | S20: =IFERROR(VALUE(TRIM(MID(SUBSTITUTE(K20,"-",REPT(" ",100)),(7-1)*100+1,100))),"") | T20: =IFERROR(LOOKUP(2,1/(M20:S20<>""),M20:S20),"") | U20: =IF(K20="","",LEN(K20)-LEN(SUBSTITUTE(K20,"-",""))+1) | V20: 0 | W20: =IFERROR(IF(V20=0,T20,IFERROR(VALUE(TRIM(MID(SUBSTITUTE(K20,"-",REPT(" ",100)),(U20-V20-1)*100+1,100))),"")),"") | X20: =IFERROR(RealTime_Prediction!B4,"") -> ⚠ No confident prediction | Y20: =IF(AND(X20<>"",L20<>""),IF(X20=L20,"✓ YES","✗ NO"),"")
E21: =FALSE() -> FALSE | F21: =FALSE() -> FALSE | G21: =FALSE() -> FALSE | H21: =FALSE() -> FALSE | I21: =FALSE() -> FALSE | J21: =FALSE() -> FALSE | M21: =IFERROR(VALUE(TRIM(MID(SUBSTITUTE(K21,"-",REPT(" ",100)),(1-1)*100+1,100))),"") | N21: =IFERROR(VALUE(TRIM(MID(SUBSTITUTE(K21,"-",REPT(" ",100)),(2-1)*100+1,100))),"") | O21: =IFERROR(VALUE(TRIM(MID(SUBSTITUTE(K21,"-",REPT(" ",100)),(3-1)*100+1,100))),"") | P21: =IFERROR(VALUE(TRIM(MID(SUBSTITUTE(K21,"-",REPT(" ",100)),(4-1)*100+1,100))),"") | Q21: =IFERROR(VALUE(TRIM(MID(SUBSTITUTE(K21,"-",REPT(" ",100)),(5-1)*100+1,100))),"") | R21: =IFERROR(VALUE(TRIM(MID(SUBSTITUTE(K21,"-",REPT(" ",100)),(6-1)*100+1,100))),"") | S21: =IFERROR(VALUE(TRIM(MID(SUBSTITUTE(K21,"-",REPT(" ",100)),(7-1)*100+1,100))),"") | T21: =IFERROR(LOOKUP(2,1/(M21:S21<>""),M21:S21),"") | U21: =IF(K21="","",LEN(K21)-LEN(SUBSTITUTE(K21,"-",""))+1) | V21: 0 | W21: =IFERROR(IF(V21=0,T21,IFERROR(VALUE(TRIM(MID(SUBSTITUTE(K21,"-",REPT(" ",100)),(U21-V21-1)*100+1,100))),"")),"") | X21: =IFERROR(RealTime_Prediction!B4,"") -> ⚠ No confident prediction | Y21: =IF(AND(X21<>"",L21<>""),IF(X21=L21,"✓ YES","✗ NO"),"")
E22: =FALSE() -> FALSE | F22: =FALSE() -> FALSE | G22: =FALSE() -> FALSE | H22: =FALSE() -> FALSE | I22: =FALSE() -> FALSE | J22: =FALSE() -> FALSE | M22: =IFERROR(VALUE(TRIM(MID(SUBSTITUTE(K22,"-",REPT(" ",100)),(1-1)*100+1,100))),"") | N22: =IFERROR(VALUE(TRIM(MID(SUBSTITUTE(K22,"-",REPT(" ",100)),(2-1)*100+1,100))),"") | O22: =IFERROR(VALUE(TRIM(MID(SUBSTITUTE(K22,"-",REPT(" ",100)),(3-1)*100+1,100))),"") | P22: =IFERROR(VALUE(TRIM(MID(SUBSTITUTE(K22,"-",REPT(" ",100)),(4-1)*100+1,100))),"") | Q22: =IFERROR(VALUE(TRIM(MID(SUBSTITUTE(K22,"-",REPT(" ",100)),(5-1)*100+1,100))),"") | R22: =IFERROR(VALUE(TRIM(MID(SUBSTITUTE(K22,"-",REPT(" ",100)),(6-1)*100+1,100))),"") | S22: =IFERROR(VALUE(TRIM(MID(SUBSTITUTE(K22,"-",REPT(" ",100)),(7-1)*100+1,100))),"") | T22: =IFERROR(LOOKUP(2,1/(M22:S22<>""),M22:S22),"") | U22: =IF(K22="","",LEN(K22)-LEN(SUBSTITUTE(K22,"-",""))+1) | V22: 0 | W22: =IFERROR(IF(V22=0,T22,IFERROR(VALUE(TRIM(MID(SUBSTITUTE(K22,"-",REPT(" ",100)),(U22-V22-1)*100+1,100))),"")),"") | X22: =IFERROR(RealTime_Prediction!B4,"") -> ⚠ No confident prediction | Y22: =IF(AND(X22<>"",L22<>""),IF(X22=L22,"✓ YES","✗ NO"),"")
E23: =FALSE() -> FALSE | F23: =FALSE() -> FALSE | G23: =FALSE() -> FALSE | H23: =FALSE() -> FALSE | I23: =FALSE() -> FALSE | J23: =FALSE() -> FALSE | M23: =IFERROR(VALUE(TRIM(MID(SUBSTITUTE(K23,"-",REPT(" ",100)),(1-1)*100+1,100))),"") | N23: =IFERROR(VALUE(TRIM(MID(SUBSTITUTE(K23,"-",REPT(" ",100)),(2-1)*100+1,100))),"") | O23: =IFERROR(VALUE(TRIM(MID(SUBSTITUTE(K23,"-",REPT(" ",100)),(3-1)*100+1,100))),"") | P23: =IFERROR(VALUE(TRIM(MID(SUBSTITUTE(K23,"-",REPT(" ",100)),(4-1)*100+1,100))),"") | Q23: =IFERROR(VALUE(TRIM(MID(SUBSTITUTE(K23,"-",REPT(" ",100)),(5-1)*100+1,100))),"") | R23: =IFERROR(VALUE(TRIM(MID(SUBSTITUTE(K23,"-",REPT(" ",100)),(6-1)*100+1,100))),"") | S23: =IFERROR(VALUE(TRIM(MID(SUBSTITUTE(K23,"-",REPT(" ",100)),(7-1)*100+1,100))),"") | T23: =IFERROR(LOOKUP(2,1/(M23:S23<>""),M23:S23),"") | U23: =IF(K23="","",LEN(K23)-LEN(SUBSTITUTE(K23,"-",""))+1) | V23: 0 | W23: =IFERROR(IF(V23=0,T23,IFERROR(VALUE(TRIM(MID(SUBSTITUTE(K23,"-",REPT(" ",100)),(U23-V23-1)*100+1,100))),"")),"") | X23: =IFERROR(RealTime_Prediction!B4,"") -> ⚠ No confident prediction | Y23: =IF(AND(X23<>"",L23<>""),IF(X23=L23,"✓ YES","✗ NO"),"")
E24: =FALSE() -> FALSE | F24: =FALSE() -> FALSE | G24: =FALSE() -> FALSE | H24: =FALSE() -> FALSE | I24: =FALSE() -> FALSE | J24: =FALSE() -> FALSE | M24: =IFERROR(VALUE(TRIM(MID(SUBSTITUTE(K24,"-",REPT(" ",100)),(1-1)*100+1,100))),"") | N24: =IFERROR(VALUE(TRIM(MID(SUBSTITUTE(K24,"-",REPT(" ",100)),(2-1)*100+1,100))),"") | O24: =IFERROR(VALUE(TRIM(MID(SUBSTITUTE(K24,"-",REPT(" ",100)),(3-1)*100+1,100))),"") | P24: =IFERROR(VALUE(TRIM(MID(SUBSTITUTE(K24,"-",REPT(" ",100)),(4-1)*100+1,100))),"") | Q24: =IFERROR(VALUE(TRIM(MID(SUBSTITUTE(K24,"-",REPT(" ",100)),(5-1)*100+1,100))),"") | R24: =IFERROR(VALUE(TRIM(MID(SUBSTITUTE(K24,"-",REPT(" ",100)),(6-1)*100+1,100))),"") | S24: =IFERROR(VALUE(TRIM(MID(SUBSTITUTE(K24,"-",REPT(" ",100)),(7-1)*100+1,100))),"") | T24: =IFERROR(LOOKUP(2,1/(M24:S24<>""),M24:S24),"") | U24: =IF(K24="","",LEN(K24)-LEN(SUBSTITUTE(K24,"-",""))+1) | V24: 0 | W24: =IFERROR(IF(V24=0,T24,IFERROR(VALUE(TRIM(MID(SUBSTITUTE(K24,"-",REPT(" ",100)),(U24-V24-1)*100+1,100))),"")),"") | X24: =IFERROR(RealTime_Prediction!B4,"") -> ⚠ No confident prediction | Y24: =IF(AND(X24<>"",L24<>""),IF(X24=L24,"✓ YES","✗ NO"),"")
E25: =FALSE() -> FALSE | F25: =FALSE() -> FALSE | G25: =FALSE() -> FALSE | H25: =FALSE() -> FALSE | I25: =FALSE() -> FALSE | J25: =FALSE() -> FALSE | M25: =IFERROR(VALUE(TRIM(MID(SUBSTITUTE(K25,"-",REPT(" ",100)),(1-1)*100+1,100))),"") | N25: =IFERROR(VALUE(TRIM(MID(SUBSTITUTE(K25,"-",REPT(" ",100)),(2-1)*100+1,100))),"") | O25: =IFERROR(VALUE(TRIM(MID(SUBSTITUTE(K25,"-",REPT(" ",100)),(3-1)*100+1,100))),"") | P25: =IFERROR(VALUE(TRIM(MID(SUBSTITUTE(K25,"-",REPT(" ",100)),(4-1)*100+1,100))),"") | Q25: =IFERROR(VALUE(TRIM(MID(SUBSTITUTE(K25,"-",REPT(" ",100)),(5-1)*100+1,100))),"") | R25: =IFERROR(VALUE(TRIM(MID(SUBSTITUTE(K25,"-",REPT(" ",100)),(6-1)*100+1,100))),"") | S25: =IFERROR(VALUE(TRIM(MID(SUBSTITUTE(K25,"-",REPT(" ",100)),(7-1)*100+1,100))),"") | T25: =IFERROR(LOOKUP(2,1/(M25:S25<>""),M25:S25),"") | U25: =IF(K25="","",LEN(K25)-LEN(SUBSTITUTE(K25,"-",""))+1) | V25: 0 | W25: =IFERROR(IF(V25=0,T25,IFERROR(VALUE(TRIM(MID(SUBSTITUTE(K25,"-",REPT(" ",100)),(U25-V25-1)*100+1,100))),"")),"") | X25: =IFERROR(RealTime_Prediction!B4,"") -> ⚠ No confident prediction | Y25: =IF(AND(X25<>"",L25<>""),IF(X25=L25,"✓ YES","✗ NO"),"")
E26: =FALSE() -> FALSE | F26: =FALSE() -> FALSE | G26: =FALSE() -> FALSE | H26: =FALSE() -> FALSE | I26: =FALSE() -> FALSE | J26: =FALSE() -> FALSE | M26: =IFERROR(VALUE(TRIM(MID(SUBSTITUTE(K26,"-",REPT(" ",100)),(1-1)*100+1,100))),"") | N26: =IFERROR(VALUE(TRIM(MID(SUBSTITUTE(K26,"-",REPT(" ",100)),(2-1)*100+1,100))),"") | O26: =IFERROR(VALUE(TRIM(MID(SUBSTITUTE(K26,"-",REPT(" ",100)),(3-1)*100+1,100))),"") | P26: =IFERROR(VALUE(TRIM(MID(SUBSTITUTE(K26,"-",REPT(" ",100)),(4-1)*100+1,100))),"") | Q26: =IFERROR(VALUE(TRIM(MID(SUBSTITUTE(K26,"-",REPT(" ",100)),(5-1)*100+1,100))),"") | R26: =IFERROR(VALUE(TRIM(MID(SUBSTITUTE(K26,"-",REPT(" ",100)),(6-1)*100+1,100))),"") | S26: =IFERROR(VALUE(TRIM(MID(SUBSTITUTE(K26,"-",REPT(" ",100)),(7-1)*100+1,100))),"") | T26: =IFERROR(LOOKUP(2,1/(M26:S26<>""),M26:S26),"") | U26: =IF(K26="","",LEN(K26)-LEN(SUBSTITUTE(K26,"-",""))+1) | V26: 0 | W26: =IFERROR(IF(V26=0,T26,IFERROR(VALUE(TRIM(MID(SUBSTITUTE(K26,"-",REPT(" ",100)),(U26-V26-1)*100+1,100))),"")),"") | X26: =IFERROR(RealTime_Prediction!B4,"") -> ⚠ No confident prediction | Y26: =IF(AND(X26<>"",L26<>""),IF(X26=L26,"✓ YES","✗ NO"),"")
E27: =FALSE() -> FALSE | F27: =FALSE() -> FALSE | G27: =FALSE() -> FALSE | H27: =FALSE() -> FALSE | I27: =FALSE() -> FALSE | J27: =FALSE() -> FALSE | M27: =IFERROR(VALUE(TRIM(MID(SUBSTITUTE(K27,"-",REPT(" ",100)),(1-1)*100+1,100))),"") | N27: =IFERROR(VALUE(TRIM(MID(SUBSTITUTE(K27,"-",REPT(" ",100)),(2-1)*100+1,100))),"") | O27: =IFERROR(VALUE(TRIM(MID(SUBSTITUTE(K27,"-",REPT(" ",100)),(3-1)*100+1,100))),"") | P27: =IFERROR(VALUE(TRIM(MID(SUBSTITUTE(K27,"-",REPT(" ",100)),(4-1)*100+1,100))),"") | Q27: =IFERROR(VALUE(TRIM(MID(SUBSTITUTE(K27,"-",REPT(" ",100)),(5-1)*100+1,100))),"") | R27: =IFERROR(VALUE(TRIM(MID(SUBSTITUTE(K27,"-",REPT(" ",100)),(6-1)*100+1,100))),"") | S27: =IFERROR(VALUE(TRIM(MID(SUBSTITUTE(K27,"-",REPT(" ",100)),(7-1)*100+1,100))),"") | T27: =IFERROR(LOOKUP(2,1/(M27:S27<>""),M27:S27),"") | U27: =IF(K27="","",LEN(K27)-LEN(SUBSTITUTE(K27,"-",""))+1) | V27: 0 | W27: =IFERROR(IF(V27=0,T27,IFERROR(VALUE(TRIM(MID(SUBSTITUTE(K27,"-",REPT(" ",100)),(U27-V27-1)*100+1,100))),"")),"") | X27: =IFERROR(RealTime_Prediction!B4,"") -> ⚠ No confident prediction | Y27: =IF(AND(X27<>"",L27<>""),IF(X27=L27,"✓ YES","✗ NO"),"")
E28: =FALSE() -> FALSE | F28: =FALSE() -> FALSE | G28: =FALSE() -> FALSE | H28: =FALSE() -> FALSE | I28: =FALSE() -> FALSE | J28: =FALSE() -> FALSE | M28: =IFERROR(VALUE(TRIM(MID(SUBSTITUTE(K28,"-",REPT(" ",100)),(1-1)*100+1,100))),"") | N28: =IFERROR(VALUE(TRIM(MID(SUBSTITUTE(K28,"-",REPT(" ",100)),(2-1)*100+1,100))),"") | O28: =IFERROR(VALUE(TRIM(MID(SUBSTITUTE(K28,"-",REPT(" ",100)),(3-1)*100+1,100))),"") | P28: =IFERROR(VALUE(TRIM(MID(SUBSTITUTE(K28,"-",REPT(" ",100)),(4-1)*100+1,100))),"") | Q28: =IFERROR(VALUE(TRIM(MID(SUBSTITUTE(K28,"-",REPT(" ",100)),(5-1)*100+1,100))),"") | R28: =IFERROR(VALUE(TRIM(MID(SUBSTITUTE(K28,"-",REPT(" ",100)),(6-1)*100+1,100))),"") | S28: =IFERROR(VALUE(TRIM(MID(SUBSTITUTE(K28,"-",REPT(" ",100)),(7-1)*100+1,100))),"") | T28: =IFERROR(LOOKUP(2,1/(M28:S28<>""),M28:S28),"") | U28: =IF(K28="","",LEN(K28)-LEN(SUBSTITUTE(K28,"-",""))+1) | V28: 0 | W28: =IFERROR(IF(V28=0,T28,IFERROR(VALUE(TRIM(MID(SUBSTITUTE(K28,"-",REPT(" ",100)),(U28-V28-1)*100+1,100))),"")),"") | X28: =IFERROR(RealTime_Prediction!B4,"") -> ⚠ No confident prediction | Y28: =IF(AND(X28<>"",L28<>""),IF(X28=L28,"✓ YES","✗ NO"),"")
E29: =FALSE() -> FALSE | F29: =FALSE() -> FALSE | G29: =FALSE() -> FALSE | H29: =FALSE() -> FALSE | I29: =FALSE() -> FALSE | J29: =FALSE() -> FALSE | M29: =IFERROR(VALUE(TRIM(MID(SUBSTITUTE(K29,"-",REPT(" ",100)),(1-1)*100+1,100))),"") | N29: =IFERROR(VALUE(TRIM(MID(SUBSTITUTE(K29,"-",REPT(" ",100)),(2-1)*100+1,100))),"") | O29: =IFERROR(VALUE(TRIM(MID(SUBSTITUTE(K29,"-",REPT(" ",100)),(3-1)*100+1,100))),"") | P29: =IFERROR(VALUE(TRIM(MID(SUBSTITUTE(K29,"-",REPT(" ",100)),(4-1)*100+1,100))),"") | Q29: =IFERROR(VALUE(TRIM(MID(SUBSTITUTE(K29,"-",REPT(" ",100)),(5-1)*100+1,100))),"") | R29: =IFERROR(VALUE(TRIM(MID(SUBSTITUTE(K29,"-",REPT(" ",100)),(6-1)*100+1,100))),"") | S29: =IFERROR(VALUE(TRIM(MID(SUBSTITUTE(K29,"-",REPT(" ",100)),(7-1)*100+1,100))),"") | T29: =IFERROR(LOOKUP(2,1/(M29:S29<>""),M29:S29),"") | U29: =IF(K29="","",LEN(K29)-LEN(SUBSTITUTE(K29,"-",""))+1) | V29: 0 | W29: =IFERROR(IF(V29=0,T29,IFERROR(VALUE(TRIM(MID(SUBSTITUTE(K29,"-",REPT(" ",100)),(U29-V29-1)*100+1,100))),"")),"") | X29: =IFERROR(RealTime_Prediction!B4,"") -> ⚠ No confident prediction | Y29: =IF(AND(X29<>"",L29<>""),IF(X29=L29,"✓ YES","✗ NO"),"")
E30: =FALSE() -> FALSE | F30: =FALSE() -> FALSE | G30: =FALSE() -> FALSE | H30: =FALSE() -> FALSE | I30: =FALSE() -> FALSE | J30: =FALSE() -> FALSE | M30: =IFERROR(VALUE(TRIM(MID(SUBSTITUTE(K30,"-",REPT(" ",100)),(1-1)*100+1,100))),"") | N30: =IFERROR(VALUE(TRIM(MID(SUBSTITUTE(K30,"-",REPT(" ",100)),(2-1)*100+1,100))),"") | O30: =IFERROR(VALUE(TRIM(MID(SUBSTITUTE(K30,"-",REPT(" ",100)),(3-1)*100+1,100))),"") | P30: =IFERROR(VALUE(TRIM(MID(SUBSTITUTE(K30,"-",REPT(" ",100)),(4-1)*100+1,100))),"") | Q30: =IFERROR(VALUE(TRIM(MID(SUBSTITUTE(K30,"-",REPT(" ",100)),(5-1)*100+1,100))),"") | R30: =IFERROR(VALUE(TRIM(MID(SUBSTITUTE(K30,"-",REPT(" ",100)),(6-1)*100+1,100))),"") | S30: =IFERROR(VALUE(TRIM(MID(SUBSTITUTE(K30,"-",REPT(" ",100)),(7-1)*100+1,100))),"") | T30: =IFERROR(LOOKUP(2,1/(M30:S30<>""),M30:S30),"") | U30: =IF(K30="","",LEN(K30)-LEN(SUBSTITUTE(K30,"-",""))+1) | V30: 0 | W30: =IFERROR(IF(V30=0,T30,IFERROR(VALUE(TRIM(MID(SUBSTITUTE(K30,"-",REPT(" ",100)),(U30-V30-1)*100+1,100))),"")),"") | X30: =IFERROR(RealTime_Prediction!B4,"") -> ⚠ No confident prediction | Y30: =IF(AND(X30<>"",L30<>""),IF(X30=L30,"✓ YES","✗ NO"),"")
E31: =FALSE() -> FALSE | F31: =FALSE() -> FALSE | G31: =FALSE() -> FALSE | H31: =FALSE() -> FALSE | I31: =FALSE() -> FALSE | J31: =FALSE() -> FALSE | M31: =IFERROR(VALUE(TRIM(MID(SUBSTITUTE(K31,"-",REPT(" ",100)),(1-1)*100+1,100))),"") | N31: =IFERROR(VALUE(TRIM(MID(SUBSTITUTE(K31,"-",REPT(" ",100)),(2-1)*100+1,100))),"") | O31: =IFERROR(VALUE(TRIM(MID(SUBSTITUTE(K31,"-",REPT(" ",100)),(3-1)*100+1,100))),"") | P31: =IFERROR(VALUE(TRIM(MID(SUBSTITUTE(K31,"-",REPT(" ",100)),(4-1)*100+1,100))),"") | Q31: =IFERROR(VALUE(TRIM(MID(SUBSTITUTE(K31,"-",REPT(" ",100)),(5-1)*100+1,100))),"") | R31: =IFERROR(VALUE(TRIM(MID(SUBSTITUTE(K31,"-",REPT(" ",100)),(6-1)*100+1,100))),"") | S31: =IFERROR(VALUE(TRIM(MID(SUBSTITUTE(K31,"-",REPT(" ",100)),(7-1)*100+1,100))),"") | T31: =IFERROR(LOOKUP(2,1/(M31:S31<>""),M31:S31),"") | U31: =IF(K31="","",LEN(K31)-LEN(SUBSTITUTE(K31,"-",""))+1) | V31: 0 | W31: =IFERROR(IF(V31=0,T31,IFERROR(VALUE(TRIM(MID(SUBSTITUTE(K31,"-",REPT(" ",100)),(U31-V31-1)*100+1,100))),"")),"") | X31: =IFERROR(RealTime_Prediction!B4,"") -> ⚠ No confident prediction | Y31: =IF(AND(X31<>"",L31<>""),IF(X31=L31,"✓ YES","✗ NO"),"")
E32: =FALSE() -> FALSE | F32: =FALSE() -> FALSE | G32: =FALSE() -> FALSE | H32: =FALSE() -> FALSE | I32: =FALSE() -> FALSE | J32: =FALSE() -> FALSE | M32: =IFERROR(VALUE(TRIM(MID(SUBSTITUTE(K32,"-",REPT(" ",100)),(1-1)*100+1,100))),"") | N32: =IFERROR(VALUE(TRIM(MID(SUBSTITUTE(K32,"-",REPT(" ",100)),(2-1)*100+1,100))),"") | O32: =IFERROR(VALUE(TRIM(MID(SUBSTITUTE(K32,"-",REPT(" ",100)),(3-1)*100+1,100))),"") | P32: =IFERROR(VALUE(TRIM(MID(SUBSTITUTE(K32,"-",REPT(" ",100)),(4-1)*100+1,100))),"") | Q32: =IFERROR(VALUE(TRIM(MID(SUBSTITUTE(K32,"-",REPT(" ",100)),(5-1)*100+1,100))),"") | R32: =IFERROR(VALUE(TRIM(MID(SUBSTITUTE(K32,"-",REPT(" ",100)),(6-1)*100+1,100))),"") | S32: =IFERROR(VALUE(TRIM(MID(SUBSTITUTE(K32,"-",REPT(" ",100)),(7-1)*100+1,100))),"") | T32: =IFERROR(LOOKUP(2,1/(M32:S32<>""),M32:S32),"") | U32: =IF(K32="","",LEN(K32)-LEN(SUBSTITUTE(K32,"-",""))+1) | V32: 0 | W32: =IFERROR(IF(V32=0,T32,IFERROR(VALUE(TRIM(MID(SUBSTITUTE(K32,"-",REPT(" ",100)),(U32-V32-1)*100+1,100))),"")),"") | X32: =IFERROR(RealTime_Prediction!B4,"") -> ⚠ No confident prediction | Y32: =IF(AND(X32<>"",L32<>""),IF(X32=L32,"✓ YES","✗ NO"),"")
E33: =FALSE() -> FALSE | F33: =FALSE() -> FALSE | G33: =FALSE() -> FALSE | H33: =FALSE() -> FALSE | I33: =FALSE() -> FALSE | J33: =FALSE() -> FALSE | M33: =IFERROR(VALUE(TRIM(MID(SUBSTITUTE(K33,"-",REPT(" ",100)),(1-1)*100+1,100))),"") | N33: =IFERROR(VALUE(TRIM(MID(SUBSTITUTE(K33,"-",REPT(" ",100)),(2-1)*100+1,100))),"") | O33: =IFERROR(VALUE(TRIM(MID(SUBSTITUTE(K33,"-",REPT(" ",100)),(3-1)*100+1,100))),"") | P33: =IFERROR(VALUE(TRIM(MID(SUBSTITUTE(K33,"-",REPT(" ",100)),(4-1)*100+1,100))),"") | Q33: =IFERROR(VALUE(TRIM(MID(SUBSTITUTE(K33,"-",REPT(" ",100)),(5-1)*100+1,100))),"") | R33: =IFERROR(VALUE(TRIM(MID(SUBSTITUTE(K33,"-",REPT(" ",100)),(6-1)*100+1,100))),"") | S33: =IFERROR(VALUE(TRIM(MID(SUBSTITUTE(K33,"-",REPT(" ",100)),(7-1)*100+1,100))),"") | T33: =IFERROR(LOOKUP(2,1/(M33:S33<>""),M33:S33),"") | U33: =IF(K33="","",LEN(K33)-LEN(SUBSTITUTE(K33,"-",""))+1) | V33: 0 | W33: =IFERROR(IF(V33=0,T33,IFERROR(VALUE(TRIM(MID(SUBSTITUTE(K33,"-",REPT(" ",100)),(U33-V33-1)*100+1,100))),"")),"") | X33: =IFERROR(RealTime_Prediction!B4,"") -> ⚠ No confident prediction | Y33: =IF(AND(X33<>"",L33<>""),IF(X33=L33,"✓ YES","✗ NO"),"")
E34: =FALSE() -> FALSE | F34: =FALSE() -> FALSE | G34: =FALSE() -> FALSE | H34: =FALSE() -> FALSE | I34: =FALSE() -> FALSE | J34: =FALSE() -> FALSE | M34: =IFERROR(VALUE(TRIM(MID(SUBSTITUTE(K34,"-",REPT(" ",100)),(1-1)*100+1,100))),"") | N34: =IFERROR(VALUE(TRIM(MID(SUBSTITUTE(K34,"-",REPT(" ",100)),(2-1)*100+1,100))),"") | O34: =IFERROR(VALUE(TRIM(MID(SUBSTITUTE(K34,"-",REPT(" ",100)),(3-1)*100+1,100))),"") | P34: =IFERROR(VALUE(TRIM(MID(SUBSTITUTE(K34,"-",REPT(" ",100)),(4-1)*100+1,100))),"") | Q34: =IFERROR(VALUE(TRIM(MID(SUBSTITUTE(K34,"-",REPT(" ",100)),(5-1)*100+1,100))),"") | R34: =IFERROR(VALUE(TRIM(MID(SUBSTITUTE(K34,"-",REPT(" ",100)),(6-1)*100+1,100))),"") | S34: =IFERROR(VALUE(TRIM(MID(SUBSTITUTE(K34,"-",REPT(" ",100)),(7-1)*100+1,100))),"") | T34: =IFERROR(LOOKUP(2,1/(M34:S34<>""),M34:S34),"") | U34: =IF(K34="","",LEN(K34)-LEN(SUBSTITUTE(K34,"-",""))+1) | V34: 0 | W34: =IFERROR(IF(V34=0,T34,IFERROR(VALUE(TRIM(MID(SUBSTITUTE(K34,"-",REPT(" ",100)),(U34-V34-1)*100+1,100))),"")),"") | X34: =IFERROR(RealTime_Prediction!B4,"") -> ⚠ No confident prediction | Y34: =IF(AND(X34<>"",L34<>""),IF(X34=L34,"✓ YES","✗ NO"),"")
E35: =FALSE() -> FALSE | F35: =FALSE() -> FALSE | G35: =FALSE() -> FALSE | H35: =FALSE() -> FALSE | I35: =FALSE() -> FALSE | J35: =FALSE() -> FALSE | M35: =IFERROR(VALUE(TRIM(MID(SUBSTITUTE(K35,"-",REPT(" ",100)),(1-1)*100+1,100))),"") | N35: =IFERROR(VALUE(TRIM(MID(SUBSTITUTE(K35,"-",REPT(" ",100)),(2-1)*100+1,100))),"") | O35: =IFERROR(VALUE(TRIM(MID(SUBSTITUTE(K35,"-",REPT(" ",100)),(3-1)*100+1,100))),"") | P35: =IFERROR(VALUE(TRIM(MID(SUBSTITUTE(K35,"-",REPT(" ",100)),(4-1)*100+1,100))),"") | Q35: =IFERROR(VALUE(TRIM(MID(SUBSTITUTE(K35,"-",REPT(" ",100)),(5-1)*100+1,100))),"") | R35: =IFERROR(VALUE(TRIM(MID(SUBSTITUTE(K35,"-",REPT(" ",100)),(6-1)*100+1,100))),"") | S35: =IFERROR(VALUE(TRIM(MID(SUBSTITUTE(K35,"-",REPT(" ",100)),(7-1)*100+1,100))),"") | T35: =IFERROR(LOOKUP(2,1/(M35:S35<>""),M35:S35),"") | U35: =IF(K35="","",LEN(K35)-LEN(SUBSTITUTE(K35,"-",""))+1) | V35: 0 | W35: =IFERROR(IF(V35=0,T35,IFERROR(VALUE(TRIM(MID(SUBSTITUTE(K35,"-",REPT(" ",100)),(U35-V35-1)*100+1,100))),"")),"") | X35: =IFERROR(RealTime_Prediction!B4,"") -> ⚠ No confident prediction | Y35: =IF(AND(X35<>"",L35<>""),IF(X35=L35,"✓ YES","✗ NO"),"")
E36: =FALSE() -> FALSE | F36: =FALSE() -> FALSE | G36: =FALSE() -> FALSE | H36: =FALSE() -> FALSE | I36: =FALSE() -> FALSE | J36: =FALSE() -> FALSE | M36: =IFERROR(VALUE(TRIM(MID(SUBSTITUTE(K36,"-",REPT(" ",100)),(1-1)*100+1,100))),"") | N36: =IFERROR(VALUE(TRIM(MID(SUBSTITUTE(K36,"-",REPT(" ",100)),(2-1)*100+1,100))),"") | O36: =IFERROR(VALUE(TRIM(MID(SUBSTITUTE(K36,"-",REPT(" ",100)),(3-1)*100+1,100))),"") | P36: =IFERROR(VALUE(TRIM(MID(SUBSTITUTE(K36,"-",REPT(" ",100)),(4-1)*100+1,100))),"") | Q36: =IFERROR(VALUE(TRIM(MID(SUBSTITUTE(K36,"-",REPT(" ",100)),(5-1)*100+1,100))),"") | R36: =IFERROR(VALUE(TRIM(MID(SUBSTITUTE(K36,"-",REPT(" ",100)),(6-1)*100+1,100))),"") | S36: =IFERROR(VALUE(TRIM(MID(SUBSTITUTE(K36,"-",REPT(" ",100)),(7-1)*100+1,100))),"") | T36: =IFERROR(LOOKUP(2,1/(M36:S36<>""),M36:S36),"") | U36: =IF(K36="","",LEN(K36)-LEN(SUBSTITUTE(K36,"-",""))+1) | V36: 0 | W36: =IFERROR(IF(V36=0,T36,IFERROR(VALUE(TRIM(MID(SUBSTITUTE(K36,"-",REPT(" ",100)),(U36-V36-1)*100+1,100))),"")),"") | X36: =IFERROR(RealTime_Prediction!B4,"") -> ⚠ No confident prediction | Y36: =IF(AND(X36<>"",L36<>""),IF(X36=L36,"✓ YES","✗ NO"),"")
E37: =FALSE() -> FALSE | F37: =FALSE() -> FALSE | G37: =FALSE() -> FALSE | H37: =FALSE() -> FALSE | I37: =FALSE() -> FALSE | J37: =FALSE() -> FALSE | M37: =IFERROR(VALUE(TRIM(MID(SUBSTITUTE(K37,"-",REPT(" ",100)),(1-1)*100+1,100))),"") | N37: =IFERROR(VALUE(TRIM(MID(SUBSTITUTE(K37,"-",REPT(" ",100)),(2-1)*100+1,100))),"") | O37: =IFERROR(VALUE(TRIM(MID(SUBSTITUTE(K37,"-",REPT(" ",100)),(3-1)*100+1,100))),"") | P37: =IFERROR(VALUE(TRIM(MID(SUBSTITUTE(K37,"-",REPT(" ",100)),(4-1)*100+1,100))),"") | Q37: =IFERROR(VALUE(TRIM(MID(SUBSTITUTE(K37,"-",REPT(" ",100)),(5-1)*100+1,100))),"") | R37: =IFERROR(VALUE(TRIM(MID(SUBSTITUTE(K37,"-",REPT(" ",100)),(6-1)*100+1,100))),"") | S37: =IFERROR(VALUE(TRIM(MID(SUBSTITUTE(K37,"-",REPT(" ",100)),(7-1)*100+1,100))),"") | T37: =IFERROR(LOOKUP(2,1/(M37:S37<>""),M37:S37),"") | U37: =IF(K37="","",LEN(K37)-LEN(SUBSTITUTE(K37,"-",""))+1) | V37: 0 | W37: =IFERROR(IF(V37=0,T37,IFERROR(VALUE(TRIM(MID(SUBSTITUTE(K37,"-",REPT(" ",100)),(U37-V37-1)*100+1,100))),"")),"") | X37: =IFERROR(RealTime_Prediction!B4,"") -> ⚠ No confident prediction | Y37: =IF(AND(X37<>"",L37<>""),IF(X37=L37,"✓ YES","✗ NO"),"")
E38: =FALSE() -> FALSE | F38: =FALSE() -> FALSE | G38: =FALSE() -> FALSE | H38: =FALSE() -> FALSE | I38: =FALSE() -> FALSE | J38: =FALSE() -> FALSE | M38: =IFERROR(VALUE(TRIM(MID(SUBSTITUTE(K38,"-",REPT(" ",100)),(1-1)*100+1,100))),"") | N38: =IFERROR(VALUE(TRIM(MID(SUBSTITUTE(K38,"-",REPT(" ",100)),(2-1)*100+1,100))),"") | O38: =IFERROR(VALUE(TRIM(MID(SUBSTITUTE(K38,"-",REPT(" ",100)),(3-1)*100+1,100))),"") | P38: =IFERROR(VALUE(TRIM(MID(SUBSTITUTE(K38,"-",REPT(" ",100)),(4-1)*100+1,100))),"") | Q38: =IFERROR(VALUE(TRIM(MID(SUBSTITUTE(K38,"-",REPT(" ",100)),(5-1)*100+1,100))),"") | R38: =IFERROR(VALUE(TRIM(MID(SUBSTITUTE(K38,"-",REPT(" ",100)),(6-1)*100+1,100))),"") | S38: =IFERROR(VALUE(TRIM(MID(SUBSTITUTE(K38,"-",REPT(" ",100)),(7-1)*100+1,100))),"") | T38: =IFERROR(LOOKUP(2,1/(M38:S38<>""),M38:S38),"") | U38: =IF(K38="","",LEN(K38)-LEN(SUBSTITUTE(K38,"-",""))+1) | V38: 0 | W38: =IFERROR(IF(V38=0,T38,IFERROR(VALUE(TRIM(MID(SUBSTITUTE(K38,"-",REPT(" ",100)),(U38-V38-1)*100+1,100))),"")),"") | X38: =IFERROR(RealTime_Prediction!B4,"") -> ⚠ No confident prediction | Y38: =IF(AND(X38<>"",L38<>""),IF(X38=L38,"✓ YES","✗ NO"),"")
E39: =FALSE() -> FALSE | F39: =FALSE() -> FALSE | G39: =FALSE() -> FALSE | H39: =FALSE() -> FALSE | I39: =FALSE() -> FALSE | J39: =FALSE() -> FALSE | M39: =IFERROR(VALUE(TRIM(MID(SUBSTITUTE(K39,"-",REPT(" ",100)),(1-1)*100+1,100))),"") | N39: =IFERROR(VALUE(TRIM(MID(SUBSTITUTE(K39,"-",REPT(" ",100)),(2-1)*100+1,100))),"") | O39: =IFERROR(VALUE(TRIM(MID(SUBSTITUTE(K39,"-",REPT(" ",100)),(3-1)*100+1,100))),"") | P39: =IFERROR(VALUE(TRIM(MID(SUBSTITUTE(K39,"-",REPT(" ",100)),(4-1)*100+1,100))),"") | Q39: =IFERROR(VALUE(TRIM(MID(SUBSTITUTE(K39,"-",REPT(" ",100)),(5-1)*100+1,100))),"") | R39: =IFERROR(VALUE(TRIM(MID(SUBSTITUTE(K39,"-",REPT(" ",100)),(6-1)*100+1,100))),"") | S39: =IFERROR(VALUE(TRIM(MID(SUBSTITUTE(K39,"-",REPT(" ",100)),(7-1)*100+1,100))),"") | T39: =IFERROR(LOOKUP(2,1/(M39:S39<>""),M39:S39),"") | U39: =IF(K39="","",LEN(K39)-LEN(SUBSTITUTE(K39,"-",""))+1) | V39: 0 | W39: =IFERROR(IF(V39=0,T39,IFERROR(VALUE(TRIM(MID(SUBSTITUTE(K39,"-",REPT(" ",100)),(U39-V39-1)*100+1,100))),"")),"") | X39: =IFERROR(RealTime_Prediction!B4,"") -> ⚠ No confident prediction | Y39: =IF(AND(X39<>"",L39<>""),IF(X39=L39,"✓ YES","✗ NO"),"")
E40: =FALSE() -> FALSE | F40: =FALSE() -> FALSE | G40: =FALSE() -> FALSE | H40: =FALSE() -> FALSE | I40: =FALSE() -> FALSE | J40: =FALSE() -> FALSE | M40: =IFERROR(VALUE(TRIM(MID(SUBSTITUTE(K40,"-",REPT(" ",100)),(1-1)*100+1,100))),"") | N40: =IFERROR(VALUE(TRIM(MID(SUBSTITUTE(K40,"-",REPT(" ",100)),(2-1)*100+1,100))),"") | O40: =IFERROR(VALUE(TRIM(MID(SUBSTITUTE(K40,"-",REPT(" ",100)),(3-1)*100+1,100))),"") | P40: =IFERROR(VALUE(TRIM(MID(SUBSTITUTE(K40,"-",REPT(" ",100)),(4-1)*100+1,100))),"") | Q40: =IFERROR(VALUE(TRIM(MID(SUBSTITUTE(K40,"-",REPT(" ",100)),(5-1)*100+1,100))),"") | R40: =IFERROR(VALUE(TRIM(MID(SUBSTITUTE(K40,"-",REPT(" ",100)),(6-1)*100+1,100))),"") | S40: =IFERROR(VALUE(TRIM(MID(SUBSTITUTE(K40,"-",REPT(" ",100)),(7-1)*100+1,100))),"") | T40: =IFERROR(LOOKUP(2,1/(M40:S40<>""),M40:S40),"") | U40: =IF(K40="","",LEN(K40)-LEN(SUBSTITUTE(K40,"-",""))+1) | V40: 0 | W40: =IFERROR(IF(V40=0,T40,IFERROR(VALUE(TRIM(MID(SUBSTITUTE(K40,"-",REPT(" ",100)),(U40-V40-1)*100+1,100))),"")),"") | X40: =IFERROR(RealTime_Prediction!B4,"") -> ⚠ No confident prediction | Y40: =IF(AND(X40<>"",L40<>""),IF(X40=L40,"✓ YES","✗ NO"),"")
E41: =FALSE() -> FALSE | F41: =FALSE() -> FALSE | G41: =FALSE() -> FALSE | H41: =FALSE() -> FALSE | I41: =FALSE() -> FALSE | J41: =FALSE() -> FALSE | M41: =IFERROR(VALUE(TRIM(MID(SUBSTITUTE(K41,"-",REPT(" ",100)),(1-1)*100+1,100))),"") | N41: =IFERROR(VALUE(TRIM(MID(SUBSTITUTE(K41,"-",REPT(" ",100)),(2-1)*100+1,100))),"") | O41: =IFERROR(VALUE(TRIM(MID(SUBSTITUTE(K41,"-",REPT(" ",100)),(3-1)*100+1,100))),"") | P41: =IFERROR(VALUE(TRIM(MID(SUBSTITUTE(K41,"-",REPT(" ",100)),(4-1)*100+1,100))),"") | Q41: =IFERROR(VALUE(TRIM(MID(SUBSTITUTE(K41,"-",REPT(" ",100)),(5-1)*100+1,100))),"") | R41: =IFERROR(VALUE(TRIM(MID(SUBSTITUTE(K41,"-",REPT(" ",100)),(6-1)*100+1,100))),"") | S41: =IFERROR(VALUE(TRIM(MID(SUBSTITUTE(K41,"-",REPT(" ",100)),(7-1)*100+1,100))),"") | T41: =IFERROR(LOOKUP(2,1/(M41:S41<>""),M41:S41),"") | U41: =IF(K41="","",LEN(K41)-LEN(SUBSTITUTE(K41,"-",""))+1) | V41: 0 | W41: =IFERROR(IF(V41=0,T41,IFERROR(VALUE(TRIM(MID(SUBSTITUTE(K41,"-",REPT(" ",100)),(U41-V41-1)*100+1,100))),"")),"") | X41: =IFERROR(RealTime_Prediction!B4,"") -> ⚠ No confident prediction | Y41: =IF(AND(X41<>"",L41<>""),IF(X41=L41,"✓ YES","✗ NO"),"")
E42: =FALSE() -> FALSE | F42: =FALSE() -> FALSE | G42: =FALSE() -> FALSE | H42: =FALSE() -> FALSE | I42: =FALSE() -> FALSE | J42: =FALSE() -> FALSE | M42: =IFERROR(VALUE(TRIM(MID(SUBSTITUTE(K42,"-",REPT(" ",100)),(1-1)*100+1,100))),"") | N42: =IFERROR(VALUE(TRIM(MID(SUBSTITUTE(K42,"-",REPT(" ",100)),(2-1)*100+1,100))),"") | O42: =IFERROR(VALUE(TRIM(MID(SUBSTITUTE(K42,"-",REPT(" ",100)),(3-1)*100+1,100))),"") | P42: =IFERROR(VALUE(TRIM(MID(SUBSTITUTE(K42,"-",REPT(" ",100)),(4-1)*100+1,100))),"") | Q42: =IFERROR(VALUE(TRIM(MID(SUBSTITUTE(K42,"-",REPT(" ",100)),(5-1)*100+1,100))),"") | R42: =IFERROR(VALUE(TRIM(MID(SUBSTITUTE(K42,"-",REPT(" ",100)),(6-1)*100+1,100))),"") | S42: =IFERROR(VALUE(TRIM(MID(SUBSTITUTE(K42,"-",REPT(" ",100)),(7-1)*100+1,100))),"") | T42: =IFERROR(LOOKUP(2,1/(M42:S42<>""),M42:S42),"") | U42: =IF(K42="","",LEN(K42)-LEN(SUBSTITUTE(K42,"-",""))+1) | V42: 0 | W42: =IFERROR(IF(V42=0,T42,IFERROR(VALUE(TRIM(MID(SUBSTITUTE(K42,"-",REPT(" ",100)),(U42-V42-1)*100+1,100))),"")),"") | X42: =IFERROR(RealTime_Prediction!B4,"") -> ⚠ No confident prediction | Y42: =IF(AND(X42<>"",L42<>""),IF(X42=L42,"✓ YES","✗ NO"),"")
E43: =FALSE() -> FALSE | F43: =FALSE() -> FALSE | G43: =FALSE() -> FALSE | H43: =FALSE() -> FALSE | I43: =FALSE() -> FALSE | J43: =FALSE() -> FALSE | M43: =IFERROR(VALUE(TRIM(MID(SUBSTITUTE(K43,"-",REPT(" ",100)),(1-1)*100+1,100))),"") | N43: =IFERROR(VALUE(TRIM(MID(SUBSTITUTE(K43,"-",REPT(" ",100)),(2-1)*100+1,100))),"") | O43: =IFERROR(VALUE(TRIM(MID(SUBSTITUTE(K43,"-",REPT(" ",100)),(3-1)*100+1,100))),"") | P43: =IFERROR(VALUE(TRIM(MID(SUBSTITUTE(K43,"-",REPT(" ",100)),(4-1)*100+1,100))),"") | Q43: =IFERROR(VALUE(TRIM(MID(SUBSTITUTE(K43,"-",REPT(" ",100)),(5-1)*100+1,100))),"") | R43: =IFERROR(VALUE(TRIM(MID(SUBSTITUTE(K43,"-",REPT(" ",100)),(6-1)*100+1,100))),"") | S43: =IFERROR(VALUE(TRIM(MID(SUBSTITUTE(K43,"-",REPT(" ",100)),(7-1)*100+1,100))),"") | T43: =IFERROR(LOOKUP(2,1/(M43:S43<>""),M43:S43),"") | U43: =IF(K43="","",LEN(K43)-LEN(SUBSTITUTE(K43,"-",""))+1) | V43: 0 | W43: =IFERROR(IF(V43=0,T43,IFERROR(VALUE(TRIM(MID(SUBSTITUTE(K43,"-",REPT(" ",100)),(U43-V43-1)*100+1,100))),"")),"") | X43: =IFERROR(RealTime_Prediction!B4,"") -> ⚠ No confident prediction | Y43: =IF(AND(X43<>"",L43<>""),IF(X43=L43,"✓ YES","✗ NO"),"")
E44: =FALSE() -> FALSE | F44: =FALSE() -> FALSE | G44: =FALSE() -> FALSE | H44: =FALSE() -> FALSE | I44: =FALSE() -> FALSE | J44: =FALSE() -> FALSE | M44: =IFERROR(VALUE(TRIM(MID(SUBSTITUTE(K44,"-",REPT(" ",100)),(1-1)*100+1,100))),"") | N44: =IFERROR(VALUE(TRIM(MID(SUBSTITUTE(K44,"-",REPT(" ",100)),(2-1)*100+1,100))),"") | O44: =IFERROR(VALUE(TRIM(MID(SUBSTITUTE(K44,"-",REPT(" ",100)),(3-1)*100+1,100))),"") | P44: =IFERROR(VALUE(TRIM(MID(SUBSTITUTE(K44,"-",REPT(" ",100)),(4-1)*100+1,100))),"") | Q44: =IFERROR(VALUE(TRIM(MID(SUBSTITUTE(K44,"-",REPT(" ",100)),(5-1)*100+1,100))),"") | R44: =IFERROR(VALUE(TRIM(MID(SUBSTITUTE(K44,"-",REPT(" ",100)),(6-1)*100+1,100))),"") | S44: =IFERROR(VALUE(TRIM(MID(SUBSTITUTE(K44,"-",REPT(" ",100)),(7-1)*100+1,100))),"") | T44: =IFERROR(LOOKUP(2,1/(M44:S44<>""),M44:S44),"") | U44: =IF(K44="","",LEN(K44)-LEN(SUBSTITUTE(K44,"-",""))+1) | V44: 0 | W44: =IFERROR(IF(V44=0,T44,IFERROR(VALUE(TRIM(MID(SUBSTITUTE(K44,"-",REPT(" ",100)),(U44-V44-1)*100+1,100))),"")),"") | X44: =IFERROR(RealTime_Prediction!B4,"") -> ⚠ No confident prediction | Y44: =IF(AND(X44<>"",L44<>""),IF(X44=L44,"✓ YES","✗ NO"),"")
E45: =FALSE() -> FALSE | F45: =FALSE() -> FALSE | G45: =FALSE() -> FALSE | H45: =FALSE() -> FALSE | I45: =FALSE() -> FALSE | J45: =FALSE() -> FALSE | M45: =IFERROR(VALUE(TRIM(MID(SUBSTITUTE(K45,"-",REPT(" ",100)),(1-1)*100+1,100))),"") | N45: =IFERROR(VALUE(TRIM(MID(SUBSTITUTE(K45,"-",REPT(" ",100)),(2-1)*100+1,100))),"") | O45: =IFERROR(VALUE(TRIM(MID(SUBSTITUTE(K45,"-",REPT(" ",100)),(3-1)*100+1,100))),"") | P45: =IFERROR(VALUE(TRIM(MID(SUBSTITUTE(K45,"-",REPT(" ",100)),(4-1)*100+1,100))),"") | Q45: =IFERROR(VALUE(TRIM(MID(SUBSTITUTE(K45,"-",REPT(" ",100)),(5-1)*100+1,100))),"") | R45: =IFERROR(VALUE(TRIM(MID(SUBSTITUTE(K45,"-",REPT(" ",100)),(6-1)*100+1,100))),"") | S45: =IFERROR(VALUE(TRIM(MID(SUBSTITUTE(K45,"-",REPT(" ",100)),(7-1)*100+1,100))),"") | T45: =IFERROR(LOOKUP(2,1/(M45:S45<>""),M45:S45),"") | U45: =IF(K45="","",LEN(K45)-LEN(SUBSTITUTE(K45,"-",""))+1) | V45: 0 | W45: =IFERROR(IF(V45=0,T45,IFERROR(VALUE(TRIM(MID(SUBSTITUTE(K45,"-",REPT(" ",100)),(U45-V45-1)*100+1,100))),"")),"") | X45: =IFERROR(RealTime_Prediction!B4,"") -> ⚠ No confident prediction | Y45: =IF(AND(X45<>"",L45<>""),IF(X45=L45,"✓ YES","✗ NO"),"")
E46: =FALSE() -> FALSE | F46: =FALSE() -> FALSE | G46: =FALSE() -> FALSE | H46: =FALSE() -> FALSE | I46: =FALSE() -> FALSE | J46: =FALSE() -> FALSE | M46: =IFERROR(VALUE(TRIM(MID(SUBSTITUTE(K46,"-",REPT(" ",100)),(1-1)*100+1,100))),"") | N46: =IFERROR(VALUE(TRIM(MID(SUBSTITUTE(K46,"-",REPT(" ",100)),(2-1)*100+1,100))),"") | O46: =IFERROR(VALUE(TRIM(MID(SUBSTITUTE(K46,"-",REPT(" ",100)),(3-1)*100+1,100))),"") | P46: =IFERROR(VALUE(TRIM(MID(SUBSTITUTE(K46,"-",REPT(" ",100)),(4-1)*100+1,100))),"") | Q46: =IFERROR(VALUE(TRIM(MID(SUBSTITUTE(K46,"-",REPT(" ",100)),(5-1)*100+1,100))),"") | R46: =IFERROR(VALUE(TRIM(MID(SUBSTITUTE(K46,"-",REPT(" ",100)),(6-1)*100+1,100))),"") | S46: =IFERROR(VALUE(TRIM(MID(SUBSTITUTE(K46,"-",REPT(" ",100)),(7-1)*100+1,100))),"") | T46: =IFERROR(LOOKUP(2,1/(M46:S46<>""),M46:S46),"") | U46: =IF(K46="","",LEN(K46)-LEN(SUBSTITUTE(K46,"-",""))+1) | V46: 0 | W46: =IFERROR(IF(V46=0,T46,IFERROR(VALUE(TRIM(MID(SUBSTITUTE(K46,"-",REPT(" ",100)),(U46-V46-1)*100+1,100))),"")),"") | X46: =IFERROR(RealTime_Prediction!B4,"") -> ⚠ No confident prediction | Y46: =IF(AND(X46<>"",L46<>""),IF(X46=L46,"✓ YES","✗ NO"),"")
E47: =FALSE() -> FALSE | F47: =FALSE() -> FALSE | G47: =FALSE() -> FALSE | H47: =FALSE() -> FALSE | I47: =FALSE() -> FALSE | J47: =FALSE() -> FALSE | M47: =IFERROR(VALUE(TRIM(MID(SUBSTITUTE(K47,"-",REPT(" ",100)),(1-1)*100+1,100))),"") | N47: =IFERROR(VALUE(TRIM(MID(SUBSTITUTE(K47,"-",REPT(" ",100)),(2-1)*100+1,100))),"") | O47: =IFERROR(VALUE(TRIM(MID(SUBSTITUTE(K47,"-",REPT(" ",100)),(3-1)*100+1,100))),"") | P47: =IFERROR(VALUE(TRIM(MID(SUBSTITUTE(K47,"-",REPT(" ",100)),(4-1)*100+1,100))),"") | Q47: =IFERROR(VALUE(TRIM(MID(SUBSTITUTE(K47,"-",REPT(" ",100)),(5-1)*100+1,100))),"") | R47: =IFERROR(VALUE(TRIM(MID(SUBSTITUTE(K47,"-",REPT(" ",100)),(6-1)*100+1,100))),"") | S47: =IFERROR(VALUE(TRIM(MID(SUBSTITUTE(K47,"-",REPT(" ",100)),(7-1)*100+1,100))),"") | T47: =IFERROR(LOOKUP(2,1/(M47:S47<>""),M47:S47),"") | U47: =IF(K47="","",LEN(K47)-LEN(SUBSTITUTE(K47,"-",""))+1) | V47: 0 | W47: =IFERROR(IF(V47=0,T47,IFERROR(VALUE(TRIM(MID(SUBSTITUTE(K47,"-",REPT(" ",100)),(U47-V47-1)*100+1,100))),"")),"") | X47: =IFERROR(RealTime_Prediction!B4,"") -> ⚠ No confident prediction | Y47: =IF(AND(X47<>"",L47<>""),IF(X47=L47,"✓ YES","✗ NO"),"")
E48: =FALSE() -> FALSE | F48: =FALSE() -> FALSE | G48: =FALSE() -> FALSE | H48: =FALSE() -> FALSE | I48: =FALSE() -> FALSE | J48: =FALSE() -> FALSE | M48: =IFERROR(VALUE(TRIM(MID(SUBSTITUTE(K48,"-",REPT(" ",100)),(1-1)*100+1,100))),"") | N48: =IFERROR(VALUE(TRIM(MID(SUBSTITUTE(K48,"-",REPT(" ",100)),(2-1)*100+1,100))),"") | O48: =IFERROR(VALUE(TRIM(MID(SUBSTITUTE(K48,"-",REPT(" ",100)),(3-1)*100+1,100))),"") | P48: =IFERROR(VALUE(TRIM(MID(SUBSTITUTE(K48,"-",REPT(" ",100)),(4-1)*100+1,100))),"") | Q48: =IFERROR(VALUE(TRIM(MID(SUBSTITUTE(K48,"-",REPT(" ",100)),(5-1)*100+1,100))),"") | R48: =IFERROR(VALUE(TRIM(MID(SUBSTITUTE(K48,"-",REPT(" ",100)),(6-1)*100+1,100))),"") | S48: =IFERROR(VALUE(TRIM(MID(SUBSTITUTE(K48,"-",REPT(" ",100)),(7-1)*100+1,100))),"") | T48: =IFERROR(LOOKUP(2,1/(M48:S48<>""),M48:S48),"") | U48: =IF(K48="","",LEN(K48)-LEN(SUBSTITUTE(K48,"-",""))+1) | V48: 0 | W48: =IFERROR(IF(V48=0,T48,IFERROR(VALUE(TRIM(MID(SUBSTITUTE(K48,"-",REPT(" ",100)),(U48-V48-1)*100+1,100))),"")),"") | X48: =IFERROR(RealTime_Prediction!B4,"") -> ⚠ No confident prediction | Y48: =IF(AND(X48<>"",L48<>""),IF(X48=L48,"✓ YES","✗ NO"),"")
E49: =FALSE() -> FALSE | F49: =FALSE() -> FALSE | G49: =FALSE() -> FALSE | H49: =FALSE() -> FALSE | I49: =FALSE() -> FALSE | J49: =FALSE() -> FALSE | M49: =IFERROR(VALUE(TRIM(MID(SUBSTITUTE(K49,"-",REPT(" ",100)),(1-1)*100+1,100))),"") | N49: =IFERROR(VALUE(TRIM(MID(SUBSTITUTE(K49,"-",REPT(" ",100)),(2-1)*100+1,100))),"") | O49: =IFERROR(VALUE(TRIM(MID(SUBSTITUTE(K49,"-",REPT(" ",100)),(3-1)*100+1,100))),"") | P49: =IFERROR(VALUE(TRIM(MID(SUBSTITUTE(K49,"-",REPT(" ",100)),(4-1)*100+1,100))),"") | Q49: =IFERROR(VALUE(TRIM(MID(SUBSTITUTE(K49,"-",REPT(" ",100)),(5-1)*100+1,100))),"") | R49: =IFERROR(VALUE(TRIM(MID(SUBSTITUTE(K49,"-",REPT(" ",100)),(6-1)*100+1,100))),"") | S49: =IFERROR(VALUE(TRIM(MID(SUBSTITUTE(K49,"-",REPT(" ",100)),(7-1)*100+1,100))),"") | T49: =IFERROR(LOOKUP(2,1/(M49:S49<>""),M49:S49),"") | U49: =IF(K49="","",LEN(K49)-LEN(SUBSTITUTE(K49,"-",""))+1) | V49: 0 | W49: =IFERROR(IF(V49=0,T49,IFERROR(VALUE(TRIM(MID(SUBSTITUTE(K49,"-",REPT(" ",100)),(U49-V49-1)*100+1,100))),"")),"") | X49: =IFERROR(RealTime_Prediction!B4,"") -> ⚠ No confident prediction | Y49: =IF(AND(X49<>"",L49<>""),IF(X49=L49,"✓ YES","✗ NO"),"")
E50: =FALSE() -> FALSE | F50: =FALSE() -> FALSE | G50: =FALSE() -> FALSE | H50: =FALSE() -> FALSE | I50: =FALSE() -> FALSE | J50: =FALSE() -> FALSE | M50: =IFERROR(VALUE(TRIM(MID(SUBSTITUTE(K50,"-",REPT(" ",100)),(1-1)*100+1,100))),"") | N50: =IFERROR(VALUE(TRIM(MID(SUBSTITUTE(K50,"-",REPT(" ",100)),(2-1)*100+1,100))),"") | O50: =IFERROR(VALUE(TRIM(MID(SUBSTITUTE(K50,"-",REPT(" ",100)),(3-1)*100+1,100))),"") | P50: =IFERROR(VALUE(TRIM(MID(SUBSTITUTE(K50,"-",REPT(" ",100)),(4-1)*100+1,100))),"") | Q50: =IFERROR(VALUE(TRIM(MID(SUBSTITUTE(K50,"-",REPT(" ",100)),(5-1)*100+1,100))),"") | R50: =IFERROR(VALUE(TRIM(MID(SUBSTITUTE(K50,"-",REPT(" ",100)),(6-1)*100+1,100))),"") | S50: =IFERROR(VALUE(TRIM(MID(SUBSTITUTE(K50,"-",REPT(" ",100)),(7-1)*100+1,100))),"") | T50: =IFERROR(LOOKUP(2,1/(M50:S50<>""),M50:S50),"") | U50: =IF(K50="","",LEN(K50)-LEN(SUBSTITUTE(K50,"-",""))+1) | V50: 0 | W50: =IFERROR(IF(V50=0,T50,IFERROR(VALUE(TRIM(MID(SUBSTITUTE(K50,"-",REPT(" ",100)),(U50-V50-1)*100+1,100))),"")),"") | X50: =IFERROR(RealTime_Prediction!B4,"") -> ⚠ No confident prediction | Y50: =IF(AND(X50<>"",L50<>""),IF(X50=L50,"✓ YES","✗ NO"),"")
E51: =FALSE() -> FALSE | F51: =FALSE() -> FALSE | G51: =FALSE() -> FALSE | H51: =FALSE() -> FALSE | I51: =FALSE() -> FALSE | J51: =FALSE() -> FALSE | M51: =IFERROR(VALUE(TRIM(MID(SUBSTITUTE(K51,"-",REPT(" ",100)),(1-1)*100+1,100))),"") | N51: =IFERROR(VALUE(TRIM(MID(SUBSTITUTE(K51,"-",REPT(" ",100)),(2-1)*100+1,100))),"") | O51: =IFERROR(VALUE(TRIM(MID(SUBSTITUTE(K51,"-",REPT(" ",100)),(3-1)*100+1,100))),"") | P51: =IFERROR(VALUE(TRIM(MID(SUBSTITUTE(K51,"-",REPT(" ",100)),(4-1)*100+1,100))),"") | Q51: =IFERROR(VALUE(TRIM(MID(SUBSTITUTE(K51,"-",REPT(" ",100)),(5-1)*100+1,100))),"") | R51: =IFERROR(VALUE(TRIM(MID(SUBSTITUTE(K51,"-",REPT(" ",100)),(6-1)*100+1,100))),"") | S51: =IFERROR(VALUE(TRIM(MID(SUBSTITUTE(K51,"-",REPT(" ",100)),(7-1)*100+1,100))),"") | T51: =IFERROR(LOOKUP(2,1/(M51:S51<>""),M51:S51),"") | U51: =IF(K51="","",LEN(K51)-LEN(SUBSTITUTE(K51,"-",""))+1) | V51: 0 | W51: =IFERROR(IF(V51=0,T51,IFERROR(VALUE(TRIM(MID(SUBSTITUTE(K51,"-",REPT(" ",100)),(U51-V51-1)*100+1,100))),"")),"") | X51: =IFERROR(RealTime_Prediction!B4,"") -> ⚠ No confident prediction | Y51: =IF(AND(X51<>"",L51<>""),IF(X51=L51,"✓ YES","✗ NO"),"")
E52: =FALSE() -> FALSE | F52: =FALSE() -> FALSE | G52: =FALSE() -> FALSE | H52: =FALSE() -> FALSE | I52: =FALSE() -> FALSE | J52: =FALSE() -> FALSE | M52: =IFERROR(VALUE(TRIM(MID(SUBSTITUTE(K52,"-",REPT(" ",100)),(1-1)*100+1,100))),"") | N52: =IFERROR(VALUE(TRIM(MID(SUBSTITUTE(K52,"-",REPT(" ",100)),(2-1)*100+1,100))),"") | O52: =IFERROR(VALUE(TRIM(MID(SUBSTITUTE(K52,"-",REPT(" ",100)),(3-1)*100+1,100))),"") | P52: =IFERROR(VALUE(TRIM(MID(SUBSTITUTE(K52,"-",REPT(" ",100)),(4-1)*100+1,100))),"") | Q52: =IFERROR(VALUE(TRIM(MID(SUBSTITUTE(K52,"-",REPT(" ",100)),(5-1)*100+1,100))),"") | R52: =IFERROR(VALUE(TRIM(MID(SUBSTITUTE(K52,"-",REPT(" ",100)),(6-1)*100+1,100))),"") | S52: =IFERROR(VALUE(TRIM(MID(SUBSTITUTE(K52,"-",REPT(" ",100)),(7-1)*100+1,100))),"") | T52: =IFERROR(LOOKUP(2,1/(M52:S52<>""),M52:S52),"") | U52: =IF(K52="","",LEN(K52)-LEN(SUBSTITUTE(K52,"-",""))+1) | V52: 0 | W52: =IFERROR(IF(V52=0,T52,IFERROR(VALUE(TRIM(MID(SUBSTITUTE(K52,"-",REPT(" ",100)),(U52-V52-1)*100+1,100))),"")),"") | X52: =IFERROR(RealTime_Prediction!B4,"") -> ⚠ No confident prediction | Y52: =IF(AND(X52<>"",L52<>""),IF(X52=L52,"✓ YES","✗ NO"),"")
E53: =FALSE() -> FALSE | F53: =FALSE() -> FALSE | G53: =FALSE() -> FALSE | H53: =FALSE() -> FALSE | I53: =FALSE() -> FALSE | J53: =FALSE() -> FALSE | M53: =IFERROR(VALUE(TRIM(MID(SUBSTITUTE(K53,"-",REPT(" ",100)),(1-1)*100+1,100))),"") | N53: =IFERROR(VALUE(TRIM(MID(SUBSTITUTE(K53,"-",REPT(" ",100)),(2-1)*100+1,100))),"") | O53: =IFERROR(VALUE(TRIM(MID(SUBSTITUTE(K53,"-",REPT(" ",100)),(3-1)*100+1,100))),"") | P53: =IFERROR(VALUE(TRIM(MID(SUBSTITUTE(K53,"-",REPT(" ",100)),(4-1)*100+1,100))),"") | Q53: =IFERROR(VALUE(TRIM(MID(SUBSTITUTE(K53,"-",REPT(" ",100)),(5-1)*100+1,100))),"") | R53: =IFERROR(VALUE(TRIM(MID(SUBSTITUTE(K53,"-",REPT(" ",100)),(6-1)*100+1,100))),"") | S53: =IFERROR(VALUE(TRIM(MID(SUBSTITUTE(K53,"-",REPT(" ",100)),(7-1)*100+1,100))),"") | T53: =IFERROR(LOOKUP(2,1/(M53:S53<>""),M53:S53),"") | U53: =IF(K53="","",LEN(K53)-LEN(SUBSTITUTE(K53,"-",""))+1) | V53: 0 | W53: =IFERROR(IF(V53=0,T53,IFERROR(VALUE(TRIM(MID(SUBSTITUTE(K53,"-",REPT(" ",100)),(U53-V53-1)*100+1,100))),"")),"") | X53: =IFERROR(RealTime_Prediction!B4,"") -> ⚠ No confident prediction | Y53: =IF(AND(X53<>"",L53<>""),IF(X53=L53,"✓ YES","✗ NO"),"")
E54: =FALSE() -> FALSE | F54: =FALSE() -> FALSE | G54: =FALSE() -> FALSE | H54: =FALSE() -> FALSE | I54: =FALSE() -> FALSE | J54: =FALSE() -> FALSE | M54: =IFERROR(VALUE(TRIM(MID(SUBSTITUTE(K54,"-",REPT(" ",100)),(1-1)*100+1,100))),"") | N54: =IFERROR(VALUE(TRIM(MID(SUBSTITUTE(K54,"-",REPT(" ",100)),(2-1)*100+1,100))),"") | O54: =IFERROR(VALUE(TRIM(MID(SUBSTITUTE(K54,"-",REPT(" ",100)),(3-1)*100+1,100))),"") | P54: =IFERROR(VALUE(TRIM(MID(SUBSTITUTE(K54,"-",REPT(" ",100)),(4-1)*100+1,100))),"") | Q54: =IFERROR(VALUE(TRIM(MID(SUBSTITUTE(K54,"-",REPT(" ",100)),(5-1)*100+1,100))),"") | R54: =IFERROR(VALUE(TRIM(MID(SUBSTITUTE(K54,"-",REPT(" ",100)),(6-1)*100+1,100))),"") | S54: =IFERROR(VALUE(TRIM(MID(SUBSTITUTE(K54,"-",REPT(" ",100)),(7-1)*100+1,100))),"") | T54: =IFERROR(LOOKUP(2,1/(M54:S54<>""),M54:S54),"") | U54: =IF(K54="","",LEN(K54)-LEN(SUBSTITUTE(K54,"-",""))+1) | V54: 0 | W54: =IFERROR(IF(V54=0,T54,IFERROR(VALUE(TRIM(MID(SUBSTITUTE(K54,"-",REPT(" ",100)),(U54-V54-1)*100+1,100))),"")),"") | X54: =IFERROR(RealTime_Prediction!B4,"") -> ⚠ No confident prediction | Y54: =IF(AND(X54<>"",L54<>""),IF(X54=L54,"✓ YES","✗ NO"),"")
E55: =FALSE() -> FALSE | F55: =FALSE() -> FALSE | G55: =FALSE() -> FALSE | H55: =FALSE() -> FALSE | I55: =FALSE() -> FALSE | J55: =FALSE() -> FALSE | M55: =IFERROR(VALUE(TRIM(MID(SUBSTITUTE(K55,"-",REPT(" ",100)),(1-1)*100+1,100))),"") | N55: =IFERROR(VALUE(TRIM(MID(SUBSTITUTE(K55,"-",REPT(" ",100)),(2-1)*100+1,100))),"") | O55: =IFERROR(VALUE(TRIM(MID(SUBSTITUTE(K55,"-",REPT(" ",100)),(3-1)*100+1,100))),"") | P55: =IFERROR(VALUE(TRIM(MID(SUBSTITUTE(K55,"-",REPT(" ",100)),(4-1)*100+1,100))),"") | Q55: =IFERROR(VALUE(TRIM(MID(SUBSTITUTE(K55,"-",REPT(" ",100)),(5-1)*100+1,100))),"") | R55: =IFERROR(VALUE(TRIM(MID(SUBSTITUTE(K55,"-",REPT(" ",100)),(6-1)*100+1,100))),"") | S55: =IFERROR(VALUE(TRIM(MID(SUBSTITUTE(K55,"-",REPT(" ",100)),(7-1)*100+1,100))),"") | T55: =IFERROR(LOOKUP(2,1/(M55:S55<>""),M55:S55),"") | U55: =IF(K55="","",LEN(K55)-LEN(SUBSTITUTE(K55,"-",""))+1) | V55: 0 | W55: =IFERROR(IF(V55=0,T55,IFERROR(VALUE(TRIM(MID(SUBSTITUTE(K55,"-",REPT(" ",100)),(U55-V55-1)*100+1,100))),"")),"") | X55: =IFERROR(RealTime_Prediction!B4,"") -> ⚠ No confident prediction | Y55: =IF(AND(X55<>"",L55<>""),IF(X55=L55,"✓ YES","✗ NO"),"")
E56: =FALSE() -> FALSE | F56: =FALSE() -> FALSE | G56: =FALSE() -> FALSE | H56: =FALSE() -> FALSE | I56: =FALSE() -> FALSE | J56: =FALSE() -> FALSE | M56: =IFERROR(VALUE(TRIM(MID(SUBSTITUTE(K56,"-",REPT(" ",100)),(1-1)*100+1,100))),"") | N56: =IFERROR(VALUE(TRIM(MID(SUBSTITUTE(K56,"-",REPT(" ",100)),(2-1)*100+1,100))),"") | O56: =IFERROR(VALUE(TRIM(MID(SUBSTITUTE(K56,"-",REPT(" ",100)),(3-1)*100+1,100))),"") | P56: =IFERROR(VALUE(TRIM(MID(SUBSTITUTE(K56,"-",REPT(" ",100)),(4-1)*100+1,100))),"") | Q56: =IFERROR(VALUE(TRIM(MID(SUBSTITUTE(K56,"-",REPT(" ",100)),(5-1)*100+1,100))),"") | R56: =IFERROR(VALUE(TRIM(MID(SUBSTITUTE(K56,"-",REPT(" ",100)),(6-1)*100+1,100))),"") | S56: =IFERROR(VALUE(TRIM(MID(SUBSTITUTE(K56,"-",REPT(" ",100)),(7-1)*100+1,100))),"") | T56: =IFERROR(LOOKUP(2,1/(M56:S56<>""),M56:S56),"") | U56: =IF(K56="","",LEN(K56)-LEN(SUBSTITUTE(K56,"-",""))+1) | V56: 0 | W56: =IFERROR(IF(V56=0,T56,IFERROR(VALUE(TRIM(MID(SUBSTITUTE(K56,"-",REPT(" ",100)),(U56-V56-1)*100+1,100))),"")),"") | X56: =IFERROR(RealTime_Prediction!B4,"") -> ⚠ No confident prediction | Y56: =IF(AND(X56<>"",L56<>""),IF(X56=L56,"✓ YES","✗ NO"),"")
E57: =FALSE() -> FALSE | F57: =FALSE() -> FALSE | G57: =FALSE() -> FALSE | H57: =FALSE() -> FALSE | I57: =FALSE() -> FALSE | J57: =FALSE() -> FALSE | M57: =IFERROR(VALUE(TRIM(MID(SUBSTITUTE(K57,"-",REPT(" ",100)),(1-1)*100+1,100))),"") | N57: =IFERROR(VALUE(TRIM(MID(SUBSTITUTE(K57,"-",REPT(" ",100)),(2-1)*100+1,100))),"") | O57: =IFERROR(VALUE(TRIM(MID(SUBSTITUTE(K57,"-",REPT(" ",100)),(3-1)*100+1,100))),"") | P57: =IFERROR(VALUE(TRIM(MID(SUBSTITUTE(K57,"-",REPT(" ",100)),(4-1)*100+1,100))),"") | Q57: =IFERROR(VALUE(TRIM(MID(SUBSTITUTE(K57,"-",REPT(" ",100)),(5-1)*100+1,100))),"") | R57: =IFERROR(VALUE(TRIM(MID(SUBSTITUTE(K57,"-",REPT(" ",100)),(6-1)*100+1,100))),"") | S57: =IFERROR(VALUE(TRIM(MID(SUBSTITUTE(K57,"-",REPT(" ",100)),(7-1)*100+1,100))),"") | T57: =IFERROR(LOOKUP(2,1/(M57:S57<>""),M57:S57),"") | U57: =IF(K57="","",LEN(K57)-LEN(SUBSTITUTE(K57,"-",""))+1) | V57: 0 | W57: =IFERROR(IF(V57=0,T57,IFERROR(VALUE(TRIM(MID(SUBSTITUTE(K57,"-",REPT(" ",100)),(U57-V57-1)*100+1,100))),"")),"") | X57: =IFERROR(RealTime_Prediction!B4,"") -> ⚠ No confident prediction | Y57: =IF(AND(X57<>"",L57<>""),IF(X57=L57,"✓ YES","✗ NO"),"")
E58: =FALSE() -> FALSE | F58: =FALSE() -> FALSE | G58: =FALSE() -> FALSE | H58: =FALSE() -> FALSE | I58: =FALSE() -> FALSE | J58: =FALSE() -> FALSE | M58: =IFERROR(VALUE(TRIM(MID(SUBSTITUTE(K58,"-",REPT(" ",100)),(1-1)*100+1,100))),"") | N58: =IFERROR(VALUE(TRIM(MID(SUBSTITUTE(K58,"-",REPT(" ",100)),(2-1)*100+1,100))),"") | O58: =IFERROR(VALUE(TRIM(MID(SUBSTITUTE(K58,"-",REPT(" ",100)),(3-1)*100+1,100))),"") | P58: =IFERROR(VALUE(TRIM(MID(SUBSTITUTE(K58,"-",REPT(" ",100)),(4-1)*100+1,100))),"") | Q58: =IFERROR(VALUE(TRIM(MID(SUBSTITUTE(K58,"-",REPT(" ",100)),(5-1)*100+1,100))),"") | R58: =IFERROR(VALUE(TRIM(MID(SUBSTITUTE(K58,"-",REPT(" ",100)),(6-1)*100+1,100))),"") | S58: =IFERROR(VALUE(TRIM(MID(SUBSTITUTE(K58,"-",REPT(" ",100)),(7-1)*100+1,100))),"") | T58: =IFERROR(LOOKUP(2,1/(M58:S58<>""),M58:S58),"") | U58: =IF(K58="","",LEN(K58)-LEN(SUBSTITUTE(K58,"-",""))+1) | V58: 0 | W58: =IFERROR(IF(V58=0,T58,IFERROR(VALUE(TRIM(MID(SUBSTITUTE(K58,"-",REPT(" ",100)),(U58-V58-1)*100+1,100))),"")),"") | X58: =IFERROR(RealTime_Prediction!B4,"") -> ⚠ No confident prediction | Y58: =IF(AND(X58<>"",L58<>""),IF(X58=L58,"✓ YES","✗ NO"),"")
E59: =FALSE() -> FALSE | F59: =FALSE() -> FALSE | G59: =FALSE() -> FALSE | H59: =FALSE() -> FALSE | I59: =FALSE() -> FALSE | J59: =FALSE() -> FALSE | M59: =IFERROR(VALUE(TRIM(MID(SUBSTITUTE(K59,"-",REPT(" ",100)),(1-1)*100+1,100))),"") | N59: =IFERROR(VALUE(TRIM(MID(SUBSTITUTE(K59,"-",REPT(" ",100)),(2-1)*100+1,100))),"") | O59: =IFERROR(VALUE(TRIM(MID(SUBSTITUTE(K59,"-",REPT(" ",100)),(3-1)*100+1,100))),"") | P59: =IFERROR(VALUE(TRIM(MID(SUBSTITUTE(K59,"-",REPT(" ",100)),(4-1)*100+1,100))),"") | Q59: =IFERROR(VALUE(TRIM(MID(SUBSTITUTE(K59,"-",REPT(" ",100)),(5-1)*100+1,100))),"") | R59: =IFERROR(VALUE(TRIM(MID(SUBSTITUTE(K59,"-",REPT(" ",100)),(6-1)*100+1,100))),"") | S59: =IFERROR(VALUE(TRIM(MID(SUBSTITUTE(K59,"-",REPT(" ",100)),(7-1)*100+1,100))),"") | T59: =IFERROR(LOOKUP(2,1/(M59:S59<>""),M59:S59),"") | U59: =IF(K59="","",LEN(K59)-LEN(SUBSTITUTE(K59,"-",""))+1) | V59: 0 | W59: =IFERROR(IF(V59=0,T59,IFERROR(VALUE(TRIM(MID(SUBSTITUTE(K59,"-",REPT(" ",100)),(U59-V59-1)*100+1,100))),"")),"") | X59: =IFERROR(RealTime_Prediction!B4,"") -> ⚠ No confident prediction | Y59: =IF(AND(X59<>"",L59<>""),IF(X59=L59,"✓ YES","✗ NO"),"")
E60: =FALSE() -> FALSE | F60: =FALSE() -> FALSE | G60: =FALSE() -> FALSE | H60: =FALSE() -> FALSE | I60: =FALSE() -> FALSE | J60: =FALSE() -> FALSE | M60: =IFERROR(VALUE(TRIM(MID(SUBSTITUTE(K60,"-",REPT(" ",100)),(1-1)*100+1,100))),"") | N60: =IFERROR(VALUE(TRIM(MID(SUBSTITUTE(K60,"-",REPT(" ",100)),(2-1)*100+1,100))),"") | O60: =IFERROR(VALUE(TRIM(MID(SUBSTITUTE(K60,"-",REPT(" ",100)),(3-1)*100+1,100))),"") | P60: =IFERROR(VALUE(TRIM(MID(SUBSTITUTE(K60,"-",REPT(" ",100)),(4-1)*100+1,100))),"") | Q60: =IFERROR(VALUE(TRIM(MID(SUBSTITUTE(K60,"-",REPT(" ",100)),(5-1)*100+1,100))),"") | R60: =IFERROR(VALUE(TRIM(MID(SUBSTITUTE(K60,"-",REPT(" ",100)),(6-1)*100+1,100))),"") | S60: =IFERROR(VALUE(TRIM(MID(SUBSTITUTE(K60,"-",REPT(" ",100)),(7-1)*100+1,100))),"") | T60: =IFERROR(LOOKUP(2,1/(M60:S60<>""),M60:S60),"") | U60: =IF(K60="","",LEN(K60)-LEN(SUBSTITUTE(K60,"-",""))+1) | V60: 0 | W60: =IFERROR(IF(V60=0,T60,IFERROR(VALUE(TRIM(MID(SUBSTITUTE(K60,"-",REPT(" ",100)),(U60-V60-1)*100+1,100))),"")),"") | X60: =IFERROR(RealTime_Prediction!B4,"") -> ⚠ No confident prediction | Y60: =IF(AND(X60<>"",L60<>""),IF(X60=L60,"✓ YES","✗ NO"),"")
E61: =FALSE() -> FALSE | F61: =FALSE() -> FALSE | G61: =FALSE() -> FALSE | H61: =FALSE() -> FALSE | I61: =FALSE() -> FALSE | J61: =FALSE() -> FALSE | M61: =IFERROR(VALUE(TRIM(MID(SUBSTITUTE(K61,"-",REPT(" ",100)),(1-1)*100+1,100))),"") | N61: =IFERROR(VALUE(TRIM(MID(SUBSTITUTE(K61,"-",REPT(" ",100)),(2-1)*100+1,100))),"") | O61: =IFERROR(VALUE(TRIM(MID(SUBSTITUTE(K61,"-",REPT(" ",100)),(3-1)*100+1,100))),"") | P61: =IFERROR(VALUE(TRIM(MID(SUBSTITUTE(K61,"-",REPT(" ",100)),(4-1)*100+1,100))),"") | Q61: =IFERROR(VALUE(TRIM(MID(SUBSTITUTE(K61,"-",REPT(" ",100)),(5-1)*100+1,100))),"") | R61: =IFERROR(VALUE(TRIM(MID(SUBSTITUTE(K61,"-",REPT(" ",100)),(6-1)*100+1,100))),"") | S61: =IFERROR(VALUE(TRIM(MID(SUBSTITUTE(K61,"-",REPT(" ",100)),(7-1)*100+1,100))),"") | T61: =IFERROR(LOOKUP(2,1/(M61:S61<>""),M61:S61),"") | U61: =IF(K61="","",LEN(K61)-LEN(SUBSTITUTE(K61,"-",""))+1) | V61: 0 | W61: =IFERROR(IF(V61=0,T61,IFERROR(VALUE(TRIM(MID(SUBSTITUTE(K61,"-",REPT(" ",100)),(U61-V61-1)*100+1,100))),"")),"") | X61: =IFERROR(RealTime_Prediction!B4,"") -> ⚠ No confident prediction | Y61: =IF(AND(X61<>"",L61<>""),IF(X61=L61,"✓ YES","✗ NO"),"")
E62: =FALSE() -> FALSE | F62: =FALSE() -> FALSE | G62: =FALSE() -> FALSE | H62: =FALSE() -> FALSE | I62: =FALSE() -> FALSE | J62: =FALSE() -> FALSE | M62: =IFERROR(VALUE(TRIM(MID(SUBSTITUTE(K62,"-",REPT(" ",100)),(1-1)*100+1,100))),"") | N62: =IFERROR(VALUE(TRIM(MID(SUBSTITUTE(K62,"-",REPT(" ",100)),(2-1)*100+1,100))),"") | O62: =IFERROR(VALUE(TRIM(MID(SUBSTITUTE(K62,"-",REPT(" ",100)),(3-1)*100+1,100))),"") | P62: =IFERROR(VALUE(TRIM(MID(SUBSTITUTE(K62,"-",REPT(" ",100)),(4-1)*100+1,100))),"") | Q62: =IFERROR(VALUE(TRIM(MID(SUBSTITUTE(K62,"-",REPT(" ",100)),(5-1)*100+1,100))),"") | R62: =IFERROR(VALUE(TRIM(MID(SUBSTITUTE(K62,"-",REPT(" ",100)),(6-1)*100+1,100))),"") | S62: =IFERROR(VALUE(TRIM(MID(SUBSTITUTE(K62,"-",REPT(" ",100)),(7-1)*100+1,100))),"") | T62: =IFERROR(LOOKUP(2,1/(M62:S62<>""),M62:S62),"") | U62: =IF(K62="","",LEN(K62)-LEN(SUBSTITUTE(K62,"-",""))+1) | V62: 0 | W62: =IFERROR(IF(V62=0,T62,IFERROR(VALUE(TRIM(MID(SUBSTITUTE(K62,"-",REPT(" ",100)),(U62-V62-1)*100+1,100))),"")),"") | X62: =IFERROR(RealTime_Prediction!B4,"") -> ⚠ No confident prediction | Y62: =IF(AND(X62<>"",L62<>""),IF(X62=L62,"✓ YES","✗ NO"),"")
E63: =FALSE() -> FALSE | F63: =FALSE() -> FALSE | G63: =FALSE() -> FALSE | H63: =FALSE() -> FALSE | I63: =FALSE() -> FALSE | J63: =FALSE() -> FALSE | M63: =IFERROR(VALUE(TRIM(MID(SUBSTITUTE(K63,"-",REPT(" ",100)),(1-1)*100+1,100))),"") | N63: =IFERROR(VALUE(TRIM(MID(SUBSTITUTE(K63,"-",REPT(" ",100)),(2-1)*100+1,100))),"") | O63: =IFERROR(VALUE(TRIM(MID(SUBSTITUTE(K63,"-",REPT(" ",100)),(3-1)*100+1,100))),"") | P63: =IFERROR(VALUE(TRIM(MID(SUBSTITUTE(K63,"-",REPT(" ",100)),(4-1)*100+1,100))),"") | Q63: =IFERROR(VALUE(TRIM(MID(SUBSTITUTE(K63,"-",REPT(" ",100)),(5-1)*100+1,100))),"") | R63: =IFERROR(VALUE(TRIM(MID(SUBSTITUTE(K63,"-",REPT(" ",100)),(6-1)*100+1,100))),"") | S63: =IFERROR(VALUE(TRIM(MID(SUBSTITUTE(K63,"-",REPT(" ",100)),(7-1)*100+1,100))),"") | T63: =IFERROR(LOOKUP(2,1/(M63:S63<>""),M63:S63),"") | U63: =IF(K63="","",LEN(K63)-LEN(SUBSTITUTE(K63,"-",""))+1) | V63: 0 | W63: =IFERROR(IF(V63=0,T63,IFERROR(VALUE(TRIM(MID(SUBSTITUTE(K63,"-",REPT(" ",100)),(U63-V63-1)*100+1,100))),"")),"") | X63: =IFERROR(RealTime_Prediction!B4,"") -> ⚠ No confident prediction | Y63: =IF(AND(X63<>"",L63<>""),IF(X63=L63,"✓ YES","✗ NO"),"")
E64: =FALSE() -> FALSE | F64: =FALSE() -> FALSE | G64: =FALSE() -> FALSE | H64: =FALSE() -> FALSE | I64: =FALSE() -> FALSE | J64: =FALSE() -> FALSE | M64: =IFERROR(VALUE(TRIM(MID(SUBSTITUTE(K64,"-",REPT(" ",100)),(1-1)*100+1,100))),"") | N64: =IFERROR(VALUE(TRIM(MID(SUBSTITUTE(K64,"-",REPT(" ",100)),(2-1)*100+1,100))),"") | O64: =IFERROR(VALUE(TRIM(MID(SUBSTITUTE(K64,"-",REPT(" ",100)),(3-1)*100+1,100))),"") | P64: =IFERROR(VALUE(TRIM(MID(SUBSTITUTE(K64,"-",REPT(" ",100)),(4-1)*100+1,100))),"") | Q64: =IFERROR(VALUE(TRIM(MID(SUBSTITUTE(K64,"-",REPT(" ",100)),(5-1)*100+1,100))),"") | R64: =IFERROR(VALUE(TRIM(MID(SUBSTITUTE(K64,"-",REPT(" ",100)),(6-1)*100+1,100))),"") | S64: =IFERROR(VALUE(TRIM(MID(SUBSTITUTE(K64,"-",REPT(" ",100)),(7-1)*100+1,100))),"") | T64: =IFERROR(LOOKUP(2,1/(M64:S64<>""),M64:S64),"") | U64: =IF(K64="","",LEN(K64)-LEN(SUBSTITUTE(K64,"-",""))+1) | V64: 0 | W64: =IFERROR(IF(V64=0,T64,IFERROR(VALUE(TRIM(MID(SUBSTITUTE(K64,"-",REPT(" ",100)),(U64-V64-1)*100+1,100))),"")),"") | X64: =IFERROR(RealTime_Prediction!B4,"") -> ⚠ No confident prediction | Y64: =IF(AND(X64<>"",L64<>""),IF(X64=L64,"✓ YES","✗ NO"),"")
E65: =FALSE() -> FALSE | F65: =FALSE() -> FALSE | G65: =FALSE() -> FALSE | H65: =FALSE() -> FALSE | I65: =FALSE() -> FALSE | J65: =FALSE() -> FALSE | M65: =IFERROR(VALUE(TRIM(MID(SUBSTITUTE(K65,"-",REPT(" ",100)),(1-1)*100+1,100))),"") | N65: =IFERROR(VALUE(TRIM(MID(SUBSTITUTE(K65,"-",REPT(" ",100)),(2-1)*100+1,100))),"") | O65: =IFERROR(VALUE(TRIM(MID(SUBSTITUTE(K65,"-",REPT(" ",100)),(3-1)*100+1,100))),"") | P65: =IFERROR(VALUE(TRIM(MID(SUBSTITUTE(K65,"-",REPT(" ",100)),(4-1)*100+1,100))),"") | Q65: =IFERROR(VALUE(TRIM(MID(SUBSTITUTE(K65,"-",REPT(" ",100)),(5-1)*100+1,100))),"") | R65: =IFERROR(VALUE(TRIM(MID(SUBSTITUTE(K65,"-",REPT(" ",100)),(6-1)*100+1,100))),"") | S65: =IFERROR(VALUE(TRIM(MID(SUBSTITUTE(K65,"-",REPT(" ",100)),(7-1)*100+1,100))),"") | T65: =IFERROR(LOOKUP(2,1/(M65:S65<>""),M65:S65),"") | U65: =IF(K65="","",LEN(K65)-LEN(SUBSTITUTE(K65,"-",""))+1) | V65: 0 | W65: =IFERROR(IF(V65=0,T65,IFERROR(VALUE(TRIM(MID(SUBSTITUTE(K65,"-",REPT(" ",100)),(U65-V65-1)*100+1,100))),"")),"") | X65: =IFERROR(RealTime_Prediction!B4,"") -> ⚠ No confident prediction | Y65: =IF(AND(X65<>"",L65<>""),IF(X65=L65,"✓ YES","✗ NO"),"")
E66: =FALSE() -> FALSE | F66: =FALSE() -> FALSE | G66: =FALSE() -> FALSE | H66: =FALSE() -> FALSE | I66: =FALSE() -> FALSE | J66: =FALSE() -> FALSE | M66: =IFERROR(VALUE(TRIM(MID(SUBSTITUTE(K66,"-",REPT(" ",100)),(1-1)*100+1,100))),"") | N66: =IFERROR(VALUE(TRIM(MID(SUBSTITUTE(K66,"-",REPT(" ",100)),(2-1)*100+1,100))),"") | O66: =IFERROR(VALUE(TRIM(MID(SUBSTITUTE(K66,"-",REPT(" ",100)),(3-1)*100+1,100))),"") | P66: =IFERROR(VALUE(TRIM(MID(SUBSTITUTE(K66,"-",REPT(" ",100)),(4-1)*100+1,100))),"") | Q66: =IFERROR(VALUE(TRIM(MID(SUBSTITUTE(K66,"-",REPT(" ",100)),(5-1)*100+1,100))),"") | R66: =IFERROR(VALUE(TRIM(MID(SUBSTITUTE(K66,"-",REPT(" ",100)),(6-1)*100+1,100))),"") | S66: =IFERROR(VALUE(TRIM(MID(SUBSTITUTE(K66,"-",REPT(" ",100)),(7-1)*100+1,100))),"") | T66: =IFERROR(LOOKUP(2,1/(M66:S66<>""),M66:S66),"") | U66: =IF(K66="","",LEN(K66)-LEN(SUBSTITUTE(K66,"-",""))+1) | V66: 0 | W66: =IFERROR(IF(V66=0,T66,IFERROR(VALUE(TRIM(MID(SUBSTITUTE(K66,"-",REPT(" ",100)),(U66-V66-1)*100+1,100))),"")),"") | X66: =IFERROR(RealTime_Prediction!B4,"") -> ⚠ No confident prediction | Y66: =IF(AND(X66<>"",L66<>""),IF(X66=L66,"✓ YES","✗ NO"),"")
E67: =FALSE() -> FALSE | F67: =FALSE() -> FALSE | G67: =FALSE() -> FALSE | H67: =FALSE() -> FALSE | I67: =FALSE() -> FALSE | J67: =FALSE() -> FALSE | M67: =IFERROR(VALUE(TRIM(MID(SUBSTITUTE(K67,"-",REPT(" ",100)),(1-1)*100+1,100))),"") | N67: =IFERROR(VALUE(TRIM(MID(SUBSTITUTE(K67,"-",REPT(" ",100)),(2-1)*100+1,100))),"") | O67: =IFERROR(VALUE(TRIM(MID(SUBSTITUTE(K67,"-",REPT(" ",100)),(3-1)*100+1,100))),"") | P67: =IFERROR(VALUE(TRIM(MID(SUBSTITUTE(K67,"-",REPT(" ",100)),(4-1)*100+1,100))),"") | Q67: =IFERROR(VALUE(TRIM(MID(SUBSTITUTE(K67,"-",REPT(" ",100)),(5-1)*100+1,100))),"") | R67: =IFERROR(VALUE(TRIM(MID(SUBSTITUTE(K67,"-",REPT(" ",100)),(6-1)*100+1,100))),"") | S67: =IFERROR(VALUE(TRIM(MID(SUBSTITUTE(K67,"-",REPT(" ",100)),(7-1)*100+1,100))),"") | T67: =IFERROR(LOOKUP(2,1/(M67:S67<>""),M67:S67),"") | U67: =IF(K67="","",LEN(K67)-LEN(SUBSTITUTE(K67,"-",""))+1) | V67: 0 | W67: =IFERROR(IF(V67=0,T67,IFERROR(VALUE(TRIM(MID(SUBSTITUTE(K67,"-",REPT(" ",100)),(U67-V67-1)*100+1,100))),"")),"") | X67: =IFERROR(RealTime_Prediction!B4,"") -> ⚠ No confident prediction | Y67: =IF(AND(X67<>"",L67<>""),IF(X67=L67,"✓ YES","✗ NO"),"")
E68: =FALSE() -> FALSE | F68: =FALSE() -> FALSE | G68: =FALSE() -> FALSE | H68: =FALSE() -> FALSE | I68: =FALSE() -> FALSE | J68: =FALSE() -> FALSE | M68: =IFERROR(VALUE(TRIM(MID(SUBSTITUTE(K68,"-",REPT(" ",100)),(1-1)*100+1,100))),"") | N68: =IFERROR(VALUE(TRIM(MID(SUBSTITUTE(K68,"-",REPT(" ",100)),(2-1)*100+1,100))),"") | O68: =IFERROR(VALUE(TRIM(MID(SUBSTITUTE(K68,"-",REPT(" ",100)),(3-1)*100+1,100))),"") | P68: =IFERROR(VALUE(TRIM(MID(SUBSTITUTE(K68,"-",REPT(" ",100)),(4-1)*100+1,100))),"") | Q68: =IFERROR(VALUE(TRIM(MID(SUBSTITUTE(K68,"-",REPT(" ",100)),(5-1)*100+1,100))),"") | R68: =IFERROR(VALUE(TRIM(MID(SUBSTITUTE(K68,"-",REPT(" ",100)),(6-1)*100+1,100))),"") | S68: =IFERROR(VALUE(TRIM(MID(SUBSTITUTE(K68,"-",REPT(" ",100)),(7-1)*100+1,100))),"") | T68: =IFERROR(LOOKUP(2,1/(M68:S68<>""),M68:S68),"") | U68: =IF(K68="","",LEN(K68)-LEN(SUBSTITUTE(K68,"-",""))+1) | V68: 0 | W68: =IFERROR(IF(V68=0,T68,IFERROR(VALUE(TRIM(MID(SUBSTITUTE(K68,"-",REPT(" ",100)),(U68-V68-1)*100+1,100))),"")),"") | X68: =IFERROR(RealTime_Prediction!B4,"") -> ⚠ No confident prediction | Y68: =IF(AND(X68<>"",L68<>""),IF(X68=L68,"✓ YES","✗ NO"),"")
E69: =FALSE() -> FALSE | F69: =FALSE() -> FALSE | G69: =FALSE() -> FALSE | H69: =FALSE() -> FALSE | I69: =FALSE() -> FALSE | J69: =FALSE() -> FALSE | M69: =IFERROR(VALUE(TRIM(MID(SUBSTITUTE(K69,"-",REPT(" ",100)),(1-1)*100+1,100))),"") | N69: =IFERROR(VALUE(TRIM(MID(SUBSTITUTE(K69,"-",REPT(" ",100)),(2-1)*100+1,100))),"") | O69: =IFERROR(VALUE(TRIM(MID(SUBSTITUTE(K69,"-",REPT(" ",100)),(3-1)*100+1,100))),"") | P69: =IFERROR(VALUE(TRIM(MID(SUBSTITUTE(K69,"-",REPT(" ",100)),(4-1)*100+1,100))),"") | Q69: =IFERROR(VALUE(TRIM(MID(SUBSTITUTE(K69,"-",REPT(" ",100)),(5-1)*100+1,100))),"") | R69: =IFERROR(VALUE(TRIM(MID(SUBSTITUTE(K69,"-",REPT(" ",100)),(6-1)*100+1,100))),"") | S69: =IFERROR(VALUE(TRIM(MID(SUBSTITUTE(K69,"-",REPT(" ",100)),(7-1)*100+1,100))),"") | T69: =IFERROR(LOOKUP(2,1/(M69:S69<>""),M69:S69),"") | U69: =IF(K69="","",LEN(K69)-LEN(SUBSTITUTE(K69,"-",""))+1) | V69: 0 | W69: =IFERROR(IF(V69=0,T69,IFERROR(VALUE(TRIM(MID(SUBSTITUTE(K69,"-",REPT(" ",100)),(U69-V69-1)*100+1,100))),"")),"") | X69: =IFERROR(RealTime_Prediction!B4,"") -> ⚠ No confident prediction | Y69: =IF(AND(X69<>"",L69<>""),IF(X69=L69,"✓ YES","✗ NO"),"")
E70: =FALSE() -> FALSE | F70: =FALSE() -> FALSE | G70: =FALSE() -> FALSE | H70: =FALSE() -> FALSE | I70: =FALSE() -> FALSE | J70: =FALSE() -> FALSE | M70: =IFERROR(VALUE(TRIM(MID(SUBSTITUTE(K70,"-",REPT(" ",100)),(1-1)*100+1,100))),"") | N70: =IFERROR(VALUE(TRIM(MID(SUBSTITUTE(K70,"-",REPT(" ",100)),(2-1)*100+1,100))),"") | O70: =IFERROR(VALUE(TRIM(MID(SUBSTITUTE(K70,"-",REPT(" ",100)),(3-1)*100+1,100))),"") | P70: =IFERROR(VALUE(TRIM(MID(SUBSTITUTE(K70,"-",REPT(" ",100)),(4-1)*100+1,100))),"") | Q70: =IFERROR(VALUE(TRIM(MID(SUBSTITUTE(K70,"-",REPT(" ",100)),(5-1)*100+1,100))),"") | R70: =IFERROR(VALUE(TRIM(MID(SUBSTITUTE(K70,"-",REPT(" ",100)),(6-1)*100+1,100))),"") | S70: =IFERROR(VALUE(TRIM(MID(SUBSTITUTE(K70,"-",REPT(" ",100)),(7-1)*100+1,100))),"") | T70: =IFERROR(LOOKUP(2,1/(M70:S70<>""),M70:S70),"") | U70: =IF(K70="","",LEN(K70)-LEN(SUBSTITUTE(K70,"-",""))+1) | V70: 0 | W70: =IFERROR(IF(V70=0,T70,IFERROR(VALUE(TRIM(MID(SUBSTITUTE(K70,"-",REPT(" ",100)),(U70-V70-1)*100+1,100))),"")),"") | X70: =IFERROR(RealTime_Prediction!B4,"") -> ⚠ No confident prediction | Y70: =IF(AND(X70<>"",L70<>""),IF(X70=L70,"✓ YES","✗ NO"),"")
E71: =FALSE() -> FALSE | F71: =FALSE() -> FALSE | G71: =FALSE() -> FALSE | H71: =FALSE() -> FALSE | I71: =FALSE() -> FALSE | J71: =FALSE() -> FALSE | M71: =IFERROR(VALUE(TRIM(MID(SUBSTITUTE(K71,"-",REPT(" ",100)),(1-1)*100+1,100))),"") | N71: =IFERROR(VALUE(TRIM(MID(SUBSTITUTE(K71,"-",REPT(" ",100)),(2-1)*100+1,100))),"") | O71: =IFERROR(VALUE(TRIM(MID(SUBSTITUTE(K71,"-",REPT(" ",100)),(3-1)*100+1,100))),"") | P71: =IFERROR(VALUE(TRIM(MID(SUBSTITUTE(K71,"-",REPT(" ",100)),(4-1)*100+1,100))),"") | Q71: =IFERROR(VALUE(TRIM(MID(SUBSTITUTE(K71,"-",REPT(" ",100)),(5-1)*100+1,100))),"") | R71: =IFERROR(VALUE(TRIM(MID(SUBSTITUTE(K71,"-",REPT(" ",100)),(6-1)*100+1,100))),"") | S71: =IFERROR(VALUE(TRIM(MID(SUBSTITUTE(K71,"-",REPT(" ",100)),(7-1)*100+1,100))),"") | T71: =IFERROR(LOOKUP(2,1/(M71:S71<>""),M71:S71),"") | U71: =IF(K71="","",LEN(K71)-LEN(SUBSTITUTE(K71,"-",""))+1) | V71: 0 | W71: =IFERROR(IF(V71=0,T71,IFERROR(VALUE(TRIM(MID(SUBSTITUTE(K71,"-",REPT(" ",100)),(U71-V71-1)*100+1,100))),"")),"") | X71: =IFERROR(RealTime_Prediction!B4,"") -> ⚠ No confident prediction | Y71: =IF(AND(X71<>"",L71<>""),IF(X71=L71,"✓ YES","✗ NO"),"")
E72: =FALSE() -> FALSE | F72: =FALSE() -> FALSE | G72: =FALSE() -> FALSE | H72: =FALSE() -> FALSE | I72: =FALSE() -> FALSE | J72: =FALSE() -> FALSE | M72: =IFERROR(VALUE(TRIM(MID(SUBSTITUTE(K72,"-",REPT(" ",100)),(1-1)*100+1,100))),"") | N72: =IFERROR(VALUE(TRIM(MID(SUBSTITUTE(K72,"-",REPT(" ",100)),(2-1)*100+1,100))),"") | O72: =IFERROR(VALUE(TRIM(MID(SUBSTITUTE(K72,"-",REPT(" ",100)),(3-1)*100+1,100))),"") | P72: =IFERROR(VALUE(TRIM(MID(SUBSTITUTE(K72,"-",REPT(" ",100)),(4-1)*100+1,100))),"") | Q72: =IFERROR(VALUE(TRIM(MID(SUBSTITUTE(K72,"-",REPT(" ",100)),(5-1)*100+1,100))),"") | R72: =IFERROR(VALUE(TRIM(MID(SUBSTITUTE(K72,"-",REPT(" ",100)),(6-1)*100+1,100))),"") | S72: =IFERROR(VALUE(TRIM(MID(SUBSTITUTE(K72,"-",REPT(" ",100)),(7-1)*100+1,100))),"") | T72: =IFERROR(LOOKUP(2,1/(M72:S72<>""),M72:S72),"") | U72: =IF(K72="","",LEN(K72)-LEN(SUBSTITUTE(K72,"-",""))+1) | V72: 0 | W72: =IFERROR(IF(V72=0,T72,IFERROR(VALUE(TRIM(MID(SUBSTITUTE(K72,"-",REPT(" ",100)),(U72-V72-1)*100+1,100))),"")),"") | X72: =IFERROR(RealTime_Prediction!B4,"") -> ⚠ No confident prediction | Y72: =IF(AND(X72<>"",L72<>""),IF(X72=L72,"✓ YES","✗ NO"),"")
E73: =FALSE() -> FALSE | F73: =FALSE() -> FALSE | G73: =FALSE() -> FALSE | H73: =FALSE() -> FALSE | I73: =FALSE() -> FALSE | J73: =FALSE() -> FALSE | M73: =IFERROR(VALUE(TRIM(MID(SUBSTITUTE(K73,"-",REPT(" ",100)),(1-1)*100+1,100))),"") | N73: =IFERROR(VALUE(TRIM(MID(SUBSTITUTE(K73,"-",REPT(" ",100)),(2-1)*100+1,100))),"") | O73: =IFERROR(VALUE(TRIM(MID(SUBSTITUTE(K73,"-",REPT(" ",100)),(3-1)*100+1,100))),"") | P73: =IFERROR(VALUE(TRIM(MID(SUBSTITUTE(K73,"-",REPT(" ",100)),(4-1)*100+1,100))),"") | Q73: =IFERROR(VALUE(TRIM(MID(SUBSTITUTE(K73,"-",REPT(" ",100)),(5-1)*100+1,100))),"") | R73: =IFERROR(VALUE(TRIM(MID(SUBSTITUTE(K73,"-",REPT(" ",100)),(6-1)*100+1,100))),"") | S73: =IFERROR(VALUE(TRIM(MID(SUBSTITUTE(K73,"-",REPT(" ",100)),(7-1)*100+1,100))),"") | T73: =IFERROR(LOOKUP(2,1/(M73:S73<>""),M73:S73),"") | U73: =IF(K73="","",LEN(K73)-LEN(SUBSTITUTE(K73,"-",""))+1) | V73: 0 | W73: =IFERROR(IF(V73=0,T73,IFERROR(VALUE(TRIM(MID(SUBSTITUTE(K73,"-",REPT(" ",100)),(U73-V73-1)*100+1,100))),"")),"") | X73: =IFERROR(RealTime_Prediction!B4,"") -> ⚠ No confident prediction | Y73: =IF(AND(X73<>"",L73<>""),IF(X73=L73,"✓ YES","✗ NO"),"")
E74: =FALSE() -> FALSE | F74: =FALSE() -> FALSE | G74: =FALSE() -> FALSE | H74: =FALSE() -> FALSE | I74: =FALSE() -> FALSE | J74: =FALSE() -> FALSE | M74: =IFERROR(VALUE(TRIM(MID(SUBSTITUTE(K74,"-",REPT(" ",100)),(1-1)*100+1,100))),"") | N74: =IFERROR(VALUE(TRIM(MID(SUBSTITUTE(K74,"-",REPT(" ",100)),(2-1)*100+1,100))),"") | O74: =IFERROR(VALUE(TRIM(MID(SUBSTITUTE(K74,"-",REPT(" ",100)),(3-1)*100+1,100))),"") | P74: =IFERROR(VALUE(TRIM(MID(SUBSTITUTE(K74,"-",REPT(" ",100)),(4-1)*100+1,100))),"") | Q74: =IFERROR(VALUE(TRIM(MID(SUBSTITUTE(K74,"-",REPT(" ",100)),(5-1)*100+1,100))),"") | R74: =IFERROR(VALUE(TRIM(MID(SUBSTITUTE(K74,"-",REPT(" ",100)),(6-1)*100+1,100))),"") | S74: =IFERROR(VALUE(TRIM(MID(SUBSTITUTE(K74,"-",REPT(" ",100)),(7-1)*100+1,100))),"") | T74: =IFERROR(LOOKUP(2,1/(M74:S74<>""),M74:S74),"") | U74: =IF(K74="","",LEN(K74)-LEN(SUBSTITUTE(K74,"-",""))+1) | V74: 0 | W74: =IFERROR(IF(V74=0,T74,IFERROR(VALUE(TRIM(MID(SUBSTITUTE(K74,"-",REPT(" ",100)),(U74-V74-1)*100+1,100))),"")),"") | X74: =IFERROR(RealTime_Prediction!B4,"") -> ⚠ No confident prediction | Y74: =IF(AND(X74<>"",L74<>""),IF(X74=L74,"✓ YES","✗ NO"),"")
E75: =FALSE() -> FALSE | F75: =FALSE() -> FALSE | G75: =FALSE() -> FALSE | H75: =FALSE() -> FALSE | I75: =FALSE() -> FALSE | J75: =FALSE() -> FALSE | M75: =IFERROR(VALUE(TRIM(MID(SUBSTITUTE(K75,"-",REPT(" ",100)),(1-1)*100+1,100))),"") | N75: =IFERROR(VALUE(TRIM(MID(SUBSTITUTE(K75,"-",REPT(" ",100)),(2-1)*100+1,100))),"") | O75: =IFERROR(VALUE(TRIM(MID(SUBSTITUTE(K75,"-",REPT(" ",100)),(3-1)*100+1,100))),"") | P75: =IFERROR(VALUE(TRIM(MID(SUBSTITUTE(K75,"-",REPT(" ",100)),(4-1)*100+1,100))),"") | Q75: =IFERROR(VALUE(TRIM(MID(SUBSTITUTE(K75,"-",REPT(" ",100)),(5-1)*100+1,100))),"") | R75: =IFERROR(VALUE(TRIM(MID(SUBSTITUTE(K75,"-",REPT(" ",100)),(6-1)*100+1,100))),"") | S75: =IFERROR(VALUE(TRIM(MID(SUBSTITUTE(K75,"-",REPT(" ",100)),(7-1)*100+1,100))),"") | T75: =IFERROR(LOOKUP(2,1/(M75:S75<>""),M75:S75),"") | U75: =IF(K75="","",LEN(K75)-LEN(SUBSTITUTE(K75,"-",""))+1) | V75: 0 | W75: =IFERROR(IF(V75=0,T75,IFERROR(VALUE(TRIM(MID(SUBSTITUTE(K75,"-",REPT(" ",100)),(U75-V75-1)*100+1,100))),"")),"") | X75: =IFERROR(RealTime_Prediction!B4,"") -> ⚠ No confident prediction | Y75: =IF(AND(X75<>"",L75<>""),IF(X75=L75,"✓ YES","✗ NO"),"")
E76: =FALSE() -> FALSE | F76: =FALSE() -> FALSE | G76: =FALSE() -> FALSE | H76: =FALSE() -> FALSE | I76: =FALSE() -> FALSE | J76: =FALSE() -> FALSE | M76: =IFERROR(VALUE(TRIM(MID(SUBSTITUTE(K76,"-",REPT(" ",100)),(1-1)*100+1,100))),"") | N76: =IFERROR(VALUE(TRIM(MID(SUBSTITUTE(K76,"-",REPT(" ",100)),(2-1)*100+1,100))),"") | O76: =IFERROR(VALUE(TRIM(MID(SUBSTITUTE(K76,"-",REPT(" ",100)),(3-1)*100+1,100))),"") | P76: =IFERROR(VALUE(TRIM(MID(SUBSTITUTE(K76,"-",REPT(" ",100)),(4-1)*100+1,100))),"") | Q76: =IFERROR(VALUE(TRIM(MID(SUBSTITUTE(K76,"-",REPT(" ",100)),(5-1)*100+1,100))),"") | R76: =IFERROR(VALUE(TRIM(MID(SUBSTITUTE(K76,"-",REPT(" ",100)),(6-1)*100+1,100))),"") | S76: =IFERROR(VALUE(TRIM(MID(SUBSTITUTE(K76,"-",REPT(" ",100)),(7-1)*100+1,100))),"") | T76: =IFERROR(LOOKUP(2,1/(M76:S76<>""),M76:S76),"") | U76: =IF(K76="","",LEN(K76)-LEN(SUBSTITUTE(K76,"-",""))+1) | V76: 0 | W76: =IFERROR(IF(V76=0,T76,IFERROR(VALUE(TRIM(MID(SUBSTITUTE(K76,"-",REPT(" ",100)),(U76-V76-1)*100+1,100))),"")),"") | X76: =IFERROR(RealTime_Prediction!B4,"") -> ⚠ No confident prediction | Y76: =IF(AND(X76<>"",L76<>""),IF(X76=L76,"✓ YES","✗ NO"),"")
E77: =FALSE() -> FALSE | F77: =FALSE() -> FALSE | G77: =FALSE() -> FALSE | H77: =FALSE() -> FALSE | I77: =FALSE() -> FALSE | J77: =FALSE() -> FALSE | M77: =IFERROR(VALUE(TRIM(MID(SUBSTITUTE(K77,"-",REPT(" ",100)),(1-1)*100+1,100))),"") | N77: =IFERROR(VALUE(TRIM(MID(SUBSTITUTE(K77,"-",REPT(" ",100)),(2-1)*100+1,100))),"") | O77: =IFERROR(VALUE(TRIM(MID(SUBSTITUTE(K77,"-",REPT(" ",100)),(3-1)*100+1,100))),"") | P77: =IFERROR(VALUE(TRIM(MID(SUBSTITUTE(K77,"-",REPT(" ",100)),(4-1)*100+1,100))),"") | Q77: =IFERROR(VALUE(TRIM(MID(SUBSTITUTE(K77,"-",REPT(" ",100)),(5-1)*100+1,100))),"") | R77: =IFERROR(VALUE(TRIM(MID(SUBSTITUTE(K77,"-",REPT(" ",100)),(6-1)*100+1,100))),"") | S77: =IFERROR(VALUE(TRIM(MID(SUBSTITUTE(K77,"-",REPT(" ",100)),(7-1)*100+1,100))),"") | T77: =IFERROR(LOOKUP(2,1/(M77:S77<>""),M77:S77),"") | U77: =IF(K77="","",LEN(K77)-LEN(SUBSTITUTE(K77,"-",""))+1) | V77: 0 | W77: =IFERROR(IF(V77=0,T77,IFERROR(VALUE(TRIM(MID(SUBSTITUTE(K77,"-",REPT(" ",100)),(U77-V77-1)*100+1,100))),"")),"") | X77: =IFERROR(RealTime_Prediction!B4,"") -> ⚠ No confident prediction | Y77: =IF(AND(X77<>"",L77<>""),IF(X77=L77,"✓ YES","✗ NO"),"")
E78: =FALSE() -> FALSE | F78: =FALSE() -> FALSE | G78: =FALSE() -> FALSE | H78: =FALSE() -> FALSE | I78: =FALSE() -> FALSE | J78: =FALSE() -> FALSE | M78: =IFERROR(VALUE(TRIM(MID(SUBSTITUTE(K78,"-",REPT(" ",100)),(1-1)*100+1,100))),"") | N78: =IFERROR(VALUE(TRIM(MID(SUBSTITUTE(K78,"-",REPT(" ",100)),(2-1)*100+1,100))),"") | O78: =IFERROR(VALUE(TRIM(MID(SUBSTITUTE(K78,"-",REPT(" ",100)),(3-1)*100+1,100))),"") | P78: =IFERROR(VALUE(TRIM(MID(SUBSTITUTE(K78,"-",REPT(" ",100)),(4-1)*100+1,100))),"") | Q78: =IFERROR(VALUE(TRIM(MID(SUBSTITUTE(K78,"-",REPT(" ",100)),(5-1)*100+1,100))),"") | R78: =IFERROR(VALUE(TRIM(MID(SUBSTITUTE(K78,"-",REPT(" ",100)),(6-1)*100+1,100))),"") | S78: =IFERROR(VALUE(TRIM(MID(SUBSTITUTE(K78,"-",REPT(" ",100)),(7-1)*100+1,100))),"") | T78: =IFERROR(LOOKUP(2,1/(M78:S78<>""),M78:S78),"") | U78: =IF(K78="","",LEN(K78)-LEN(SUBSTITUTE(K78,"-",""))+1) | V78: 0 | W78: =IFERROR(IF(V78=0,T78,IFERROR(VALUE(TRIM(MID(SUBSTITUTE(K78,"-",REPT(" ",100)),(U78-V78-1)*100+1,100))),"")),"") | X78: =IFERROR(RealTime_Prediction!B4,"") -> ⚠ No confident prediction | Y78: =IF(AND(X78<>"",L78<>""),IF(X78=L78,"✓ YES","✗ NO"),"")
E79: =FALSE() -> FALSE | F79: =FALSE() -> FALSE | G79: =FALSE() -> FALSE | H79: =FALSE() -> FALSE | I79: =FALSE() -> FALSE | J79: =FALSE() -> FALSE | M79: =IFERROR(VALUE(TRIM(MID(SUBSTITUTE(K79,"-",REPT(" ",100)),(1-1)*100+1,100))),"") | N79: =IFERROR(VALUE(TRIM(MID(SUBSTITUTE(K79,"-",REPT(" ",100)),(2-1)*100+1,100))),"") | O79: =IFERROR(VALUE(TRIM(MID(SUBSTITUTE(K79,"-",REPT(" ",100)),(3-1)*100+1,100))),"") | P79: =IFERROR(VALUE(TRIM(MID(SUBSTITUTE(K79,"-",REPT(" ",100)),(4-1)*100+1,100))),"") | Q79: =IFERROR(VALUE(TRIM(MID(SUBSTITUTE(K79,"-",REPT(" ",100)),(5-1)*100+1,100))),"") | R79: =IFERROR(VALUE(TRIM(MID(SUBSTITUTE(K79,"-",REPT(" ",100)),(6-1)*100+1,100))),"") | S79: =IFERROR(VALUE(TRIM(MID(SUBSTITUTE(K79,"-",REPT(" ",100)),(7-1)*100+1,100))),"") | T79: =IFERROR(LOOKUP(2,1/(M79:S79<>""),M79:S79),"") | U79: =IF(K79="","",LEN(K79)-LEN(SUBSTITUTE(K79,"-",""))+1) | V79: 0 | W79: =IFERROR(IF(V79=0,T79,IFERROR(VALUE(TRIM(MID(SUBSTITUTE(K79,"-",REPT(" ",100)),(U79-V79-1)*100+1,100))),"")),"") | X79: =IFERROR(RealTime_Prediction!B4,"") -> ⚠ No confident prediction | Y79: =IF(AND(X79<>"",L79<>""),IF(X79=L79,"✓ YES","✗ NO"),"")
E80: =FALSE() -> FALSE | F80: =FALSE() -> FALSE | G80: =FALSE() -> FALSE | H80: =FALSE() -> FALSE | I80: =FALSE() -> FALSE | J80: =FALSE() -> FALSE | M80: =IFERROR(VALUE(TRIM(MID(SUBSTITUTE(K80,"-",REPT(" ",100)),(1-1)*100+1,100))),"") | N80: =IFERROR(VALUE(TRIM(MID(SUBSTITUTE(K80,"-",REPT(" ",100)),(2-1)*100+1,100))),"") | O80: =IFERROR(VALUE(TRIM(MID(SUBSTITUTE(K80,"-",REPT(" ",100)),(3-1)*100+1,100))),"") | P80: =IFERROR(VALUE(TRIM(MID(SUBSTITUTE(K80,"-",REPT(" ",100)),(4-1)*100+1,100))),"") | Q80: =IFERROR(VALUE(TRIM(MID(SUBSTITUTE(K80,"-",REPT(" ",100)),(5-1)*100+1,100))),"") | R80: =IFERROR(VALUE(TRIM(MID(SUBSTITUTE(K80,"-",REPT(" ",100)),(6-1)*100+1,100))),"") | S80: =IFERROR(VALUE(TRIM(MID(SUBSTITUTE(K80,"-",REPT(" ",100)),(7-1)*100+1,100))),"") | T80: =IFERROR(LOOKUP(2,1/(M80:S80<>""),M80:S80),"") | U80: =IF(K80="","",LEN(K80)-LEN(SUBSTITUTE(K80,"-",""))+1) | V80: 0 | W80: =IFERROR(IF(V80=0,T80,IFERROR(VALUE(TRIM(MID(SUBSTITUTE(K80,"-",REPT(" ",100)),(U80-V80-1)*100+1,100))),"")),"") | X80: =IFERROR(RealTime_Prediction!B4,"") -> ⚠ No confident prediction | Y80: =IF(AND(X80<>"",L80<>""),IF(X80=L80,"✓ YES","✗ NO"),"")
E81: =FALSE() -> FALSE | F81: =FALSE() -> FALSE | G81: =FALSE() -> FALSE | H81: =FALSE() -> FALSE | I81: =FALSE() -> FALSE | J81: =FALSE() -> FALSE | M81: =IFERROR(VALUE(TRIM(MID(SUBSTITUTE(K81,"-",REPT(" ",100)),(1-1)*100+1,100))),"") | N81: =IFERROR(VALUE(TRIM(MID(SUBSTITUTE(K81,"-",REPT(" ",100)),(2-1)*100+1,100))),"") | O81: =IFERROR(VALUE(TRIM(MID(SUBSTITUTE(K81,"-",REPT(" ",100)),(3-1)*100+1,100))),"") | P81: =IFERROR(VALUE(TRIM(MID(SUBSTITUTE(K81,"-",REPT(" ",100)),(4-1)*100+1,100))),"") | Q81: =IFERROR(VALUE(TRIM(MID(SUBSTITUTE(K81,"-",REPT(" ",100)),(5-1)*100+1,100))),"") | R81: =IFERROR(VALUE(TRIM(MID(SUBSTITUTE(K81,"-",REPT(" ",100)),(6-1)*100+1,100))),"") | S81: =IFERROR(VALUE(TRIM(MID(SUBSTITUTE(K81,"-",REPT(" ",100)),(7-1)*100+1,100))),"") | T81: =IFERROR(LOOKUP(2,1/(M81:S81<>""),M81:S81),"") | U81: =IF(K81="","",LEN(K81)-LEN(SUBSTITUTE(K81,"-",""))+1) | V81: 0 | W81: =IFERROR(IF(V81=0,T81,IFERROR(VALUE(TRIM(MID(SUBSTITUTE(K81,"-",REPT(" ",100)),(U81-V81-1)*100+1,100))),"")),"") | X81: =IFERROR(RealTime_Prediction!B4,"") -> ⚠ No confident prediction | Y81: =IF(AND(X81<>"",L81<>""),IF(X81=L81,"✓ YES","✗ NO"),"")
E82: =FALSE() -> FALSE | F82: =FALSE() -> FALSE | G82: =FALSE() -> FALSE | H82: =FALSE() -> FALSE | I82: =FALSE() -> FALSE | J82: =FALSE() -> FALSE | M82: =IFERROR(VALUE(TRIM(MID(SUBSTITUTE(K82,"-",REPT(" ",100)),(1-1)*100+1,100))),"") | N82: =IFERROR(VALUE(TRIM(MID(SUBSTITUTE(K82,"-",REPT(" ",100)),(2-1)*100+1,100))),"") | O82: =IFERROR(VALUE(TRIM(MID(SUBSTITUTE(K82,"-",REPT(" ",100)),(3-1)*100+1,100))),"") | P82: =IFERROR(VALUE(TRIM(MID(SUBSTITUTE(K82,"-",REPT(" ",100)),(4-1)*100+1,100))),"") | Q82: =IFERROR(VALUE(TRIM(MID(SUBSTITUTE(K82,"-",REPT(" ",100)),(5-1)*100+1,100))),"") | R82: =IFERROR(VALUE(TRIM(MID(SUBSTITUTE(K82,"-",REPT(" ",100)),(6-1)*100+1,100))),"") | S82: =IFERROR(VALUE(TRIM(MID(SUBSTITUTE(K82,"-",REPT(" ",100)),(7-1)*100+1,100))),"") | T82: =IFERROR(LOOKUP(2,1/(M82:S82<>""),M82:S82),"") | U82: =IF(K82="","",LEN(K82)-LEN(SUBSTITUTE(K82,"-",""))+1) | V82: 0 | W82: =IFERROR(IF(V82=0,T82,IFERROR(VALUE(TRIM(MID(SUBSTITUTE(K82,"-",REPT(" ",100)),(U82-V82-1)*100+1,100))),"")),"") | X82: =IFERROR(RealTime_Prediction!B4,"") -> ⚠ No confident prediction | Y82: =IF(AND(X82<>"",L82<>""),IF(X82=L82,"✓ YES","✗ NO"),"")
E83: =FALSE() -> FALSE | F83: =FALSE() -> FALSE | G83: =FALSE() -> FALSE | H83: =FALSE() -> FALSE | I83: =FALSE() -> FALSE | J83: =FALSE() -> FALSE | M83: =IFERROR(VALUE(TRIM(MID(SUBSTITUTE(K83,"-",REPT(" ",100)),(1-1)*100+1,100))),"") | N83: =IFERROR(VALUE(TRIM(MID(SUBSTITUTE(K83,"-",REPT(" ",100)),(2-1)*100+1,100))),"") | O83: =IFERROR(VALUE(TRIM(MID(SUBSTITUTE(K83,"-",REPT(" ",100)),(3-1)*100+1,100))),"") | P83: =IFERROR(VALUE(TRIM(MID(SUBSTITUTE(K83,"-",REPT(" ",100)),(4-1)*100+1,100))),"") | Q83: =IFERROR(VALUE(TRIM(MID(SUBSTITUTE(K83,"-",REPT(" ",100)),(5-1)*100+1,100))),"") | R83: =IFERROR(VALUE(TRIM(MID(SUBSTITUTE(K83,"-",REPT(" ",100)),(6-1)*100+1,100))),"") | S83: =IFERROR(VALUE(TRIM(MID(SUBSTITUTE(K83,"-",REPT(" ",100)),(7-1)*100+1,100))),"") | T83: =IFERROR(LOOKUP(2,1/(M83:S83<>""),M83:S83),"") | U83: =IF(K83="","",LEN(K83)-LEN(SUBSTITUTE(K83,"-",""))+1) | V83: 0 | W83: =IFERROR(IF(V83=0,T83,IFERROR(VALUE(TRIM(MID(SUBSTITUTE(K83,"-",REPT(" ",100)),(U83-V83-1)*100+1,100))),"")),"") | X83: =IFERROR(RealTime_Prediction!B4,"") -> ⚠ No confident prediction | Y83: =IF(AND(X83<>"",L83<>""),IF(X83=L83,"✓ YES","✗ NO"),"")
E84: =FALSE() -> FALSE | F84: =FALSE() -> FALSE | G84: =FALSE() -> FALSE | H84: =FALSE() -> FALSE | I84: =FALSE() -> FALSE | J84: =FALSE() -> FALSE | M84: =IFERROR(VALUE(TRIM(MID(SUBSTITUTE(K84,"-",REPT(" ",100)),(1-1)*100+1,100))),"") | N84: =IFERROR(VALUE(TRIM(MID(SUBSTITUTE(K84,"-",REPT(" ",100)),(2-1)*100+1,100))),"") | O84: =IFERROR(VALUE(TRIM(MID(SUBSTITUTE(K84,"-",REPT(" ",100)),(3-1)*100+1,100))),"") | P84: =IFERROR(VALUE(TRIM(MID(SUBSTITUTE(K84,"-",REPT(" ",100)),(4-1)*100+1,100))),"") | Q84: =IFERROR(VALUE(TRIM(MID(SUBSTITUTE(K84,"-",REPT(" ",100)),(5-1)*100+1,100))),"") | R84: =IFERROR(VALUE(TRIM(MID(SUBSTITUTE(K84,"-",REPT(" ",100)),(6-1)*100+1,100))),"") | S84: =IFERROR(VALUE(TRIM(MID(SUBSTITUTE(K84,"-",REPT(" ",100)),(7-1)*100+1,100))),"") | T84: =IFERROR(LOOKUP(2,1/(M84:S84<>""),M84:S84),"") | U84: =IF(K84="","",LEN(K84)-LEN(SUBSTITUTE(K84,"-",""))+1) | V84: 0 | W84: =IFERROR(IF(V84=0,T84,IFERROR(VALUE(TRIM(MID(SUBSTITUTE(K84,"-",REPT(" ",100)),(U84-V84-1)*100+1,100))),"")),"") | X84: =IFERROR(RealTime_Prediction!B4,"") -> ⚠ No confident prediction | Y84: =IF(AND(X84<>"",L84<>""),IF(X84=L84,"✓ YES","✗ NO"),"")
E85: =FALSE() -> FALSE | F85: =FALSE() -> FALSE | G85: =FALSE() -> FALSE | H85: =FALSE() -> FALSE | I85: =FALSE() -> FALSE | J85: =FALSE() -> FALSE | M85: =IFERROR(VALUE(TRIM(MID(SUBSTITUTE(K85,"-",REPT(" ",100)),(1-1)*100+1,100))),"") | N85: =IFERROR(VALUE(TRIM(MID(SUBSTITUTE(K85,"-",REPT(" ",100)),(2-1)*100+1,100))),"") | O85: =IFERROR(VALUE(TRIM(MID(SUBSTITUTE(K85,"-",REPT(" ",100)),(3-1)*100+1,100))),"") | P85: =IFERROR(VALUE(TRIM(MID(SUBSTITUTE(K85,"-",REPT(" ",100)),(4-1)*100+1,100))),"") | Q85: =IFERROR(VALUE(TRIM(MID(SUBSTITUTE(K85,"-",REPT(" ",100)),(5-1)*100+1,100))),"") | R85: =IFERROR(VALUE(TRIM(MID(SUBSTITUTE(K85,"-",REPT(" ",100)),(6-1)*100+1,100))),"") | S85: =IFERROR(VALUE(TRIM(MID(SUBSTITUTE(K85,"-",REPT(" ",100)),(7-1)*100+1,100))),"") | T85: =IFERROR(LOOKUP(2,1/(M85:S85<>""),M85:S85),"") | U85: =IF(K85="","",LEN(K85)-LEN(SUBSTITUTE(K85,"-",""))+1) | V85: 0 | W85: =IFERROR(IF(V85=0,T85,IFERROR(VALUE(TRIM(MID(SUBSTITUTE(K85,"-",REPT(" ",100)),(U85-V85-1)*100+1,100))),"")),"") | X85: =IFERROR(RealTime_Prediction!B4,"") -> ⚠ No confident prediction | Y85: =IF(AND(X85<>"",L85<>""),IF(X85=L85,"✓ YES","✗ NO"),"")
E86: =FALSE() -> FALSE | F86: =FALSE() -> FALSE | G86: =FALSE() -> FALSE | H86: =FALSE() -> FALSE | I86: =FALSE() -> FALSE | J86: =FALSE() -> FALSE | M86: =IFERROR(VALUE(TRIM(MID(SUBSTITUTE(K86,"-",REPT(" ",100)),(1-1)*100+1,100))),"") | N86: =IFERROR(VALUE(TRIM(MID(SUBSTITUTE(K86,"-",REPT(" ",100)),(2-1)*100+1,100))),"") | O86: =IFERROR(VALUE(TRIM(MID(SUBSTITUTE(K86,"-",REPT(" ",100)),(3-1)*100+1,100))),"") | P86: =IFERROR(VALUE(TRIM(MID(SUBSTITUTE(K86,"-",REPT(" ",100)),(4-1)*100+1,100))),"") | Q86: =IFERROR(VALUE(TRIM(MID(SUBSTITUTE(K86,"-",REPT(" ",100)),(5-1)*100+1,100))),"") | R86: =IFERROR(VALUE(TRIM(MID(SUBSTITUTE(K86,"-",REPT(" ",100)),(6-1)*100+1,100))),"") | S86: =IFERROR(VALUE(TRIM(MID(SUBSTITUTE(K86,"-",REPT(" ",100)),(7-1)*100+1,100))),"") | T86: =IFERROR(LOOKUP(2,1/(M86:S86<>""),M86:S86),"") | U86: =IF(K86="","",LEN(K86)-LEN(SUBSTITUTE(K86,"-",""))+1) | V86: 0 | W86: =IFERROR(IF(V86=0,T86,IFERROR(VALUE(TRIM(MID(SUBSTITUTE(K86,"-",REPT(" ",100)),(U86-V86-1)*100+1,100))),"")),"") | X86: =IFERROR(RealTime_Prediction!B4,"") -> ⚠ No confident prediction | Y86: =IF(AND(X86<>"",L86<>""),IF(X86=L86,"✓ YES","✗ NO"),"")
E87: =FALSE() -> FALSE | F87: =FALSE() -> FALSE | G87: =FALSE() -> FALSE | H87: =FALSE() -> FALSE | I87: =FALSE() -> FALSE | J87: =FALSE() -> FALSE | M87: =IFERROR(VALUE(TRIM(MID(SUBSTITUTE(K87,"-",REPT(" ",100)),(1-1)*100+1,100))),"") | N87: =IFERROR(VALUE(TRIM(MID(SUBSTITUTE(K87,"-",REPT(" ",100)),(2-1)*100+1,100))),"") | O87: =IFERROR(VALUE(TRIM(MID(SUBSTITUTE(K87,"-",REPT(" ",100)),(3-1)*100+1,100))),"") | P87: =IFERROR(VALUE(TRIM(MID(SUBSTITUTE(K87,"-",REPT(" ",100)),(4-1)*100+1,100))),"") | Q87: =IFERROR(VALUE(TRIM(MID(SUBSTITUTE(K87,"-",REPT(" ",100)),(5-1)*100+1,100))),"") | R87: =IFERROR(VALUE(TRIM(MID(SUBSTITUTE(K87,"-",REPT(" ",100)),(6-1)*100+1,100))),"") | S87: =IFERROR(VALUE(TRIM(MID(SUBSTITUTE(K87,"-",REPT(" ",100)),(7-1)*100+1,100))),"") | T87: =IFERROR(LOOKUP(2,1/(M87:S87<>""),M87:S87),"") | U87: =IF(K87="","",LEN(K87)-LEN(SUBSTITUTE(K87,"-",""))+1) | V87: 0 | W87: =IFERROR(IF(V87=0,T87,IFERROR(VALUE(TRIM(MID(SUBSTITUTE(K87,"-",REPT(" ",100)),(U87-V87-1)*100+1,100))),"")),"") | X87: =IFERROR(RealTime_Prediction!B4,"") -> ⚠ No confident prediction | Y87: =IF(AND(X87<>"",L87<>""),IF(X87=L87,"✓ YES","✗ NO"),"")
E88: =FALSE() -> FALSE | F88: =FALSE() -> FALSE | G88: =FALSE() -> FALSE | H88: =FALSE() -> FALSE | I88: =FALSE() -> FALSE | J88: =FALSE() -> FALSE | M88: =IFERROR(VALUE(TRIM(MID(SUBSTITUTE(K88,"-",REPT(" ",100)),(1-1)*100+1,100))),"") | N88: =IFERROR(VALUE(TRIM(MID(SUBSTITUTE(K88,"-",REPT(" ",100)),(2-1)*100+1,100))),"") | O88: =IFERROR(VALUE(TRIM(MID(SUBSTITUTE(K88,"-",REPT(" ",100)),(3-1)*100+1,100))),"") | P88: =IFERROR(VALUE(TRIM(MID(SUBSTITUTE(K88,"-",REPT(" ",100)),(4-1)*100+1,100))),"") | Q88: =IFERROR(VALUE(TRIM(MID(SUBSTITUTE(K88,"-",REPT(" ",100)),(5-1)*100+1,100))),"") | R88: =IFERROR(VALUE(TRIM(MID(SUBSTITUTE(K88,"-",REPT(" ",100)),(6-1)*100+1,100))),"") | S88: =IFERROR(VALUE(TRIM(MID(SUBSTITUTE(K88,"-",REPT(" ",100)),(7-1)*100+1,100))),"") | T88: =IFERROR(LOOKUP(2,1/(M88:S88<>""),M88:S88),"") | U88: =IF(K88="","",LEN(K88)-LEN(SUBSTITUTE(K88,"-",""))+1) | V88: 0 | W88: =IFERROR(IF(V88=0,T88,IFERROR(VALUE(TRIM(MID(SUBSTITUTE(K88,"-",REPT(" ",100)),(U88-V88-1)*100+1,100))),"")),"") | X88: =IFERROR(RealTime_Prediction!B4,"") -> ⚠ No confident prediction | Y88: =IF(AND(X88<>"",L88<>""),IF(X88=L88,"✓ YES","✗ NO"),"")
E89: =FALSE() -> FALSE | F89: =FALSE() -> FALSE | G89: =FALSE() -> FALSE | H89: =FALSE() -> FALSE | I89: =FALSE() -> FALSE | J89: =FALSE() -> FALSE | M89: =IFERROR(VALUE(TRIM(MID(SUBSTITUTE(K89,"-",REPT(" ",100)),(1-1)*100+1,100))),"") | N89: =IFERROR(VALUE(TRIM(MID(SUBSTITUTE(K89,"-",REPT(" ",100)),(2-1)*100+1,100))),"") | O89: =IFERROR(VALUE(TRIM(MID(SUBSTITUTE(K89,"-",REPT(" ",100)),(3-1)*100+1,100))),"") | P89: =IFERROR(VALUE(TRIM(MID(SUBSTITUTE(K89,"-",REPT(" ",100)),(4-1)*100+1,100))),"") | Q89: =IFERROR(VALUE(TRIM(MID(SUBSTITUTE(K89,"-",REPT(" ",100)),(5-1)*100+1,100))),"") | R89: =IFERROR(VALUE(TRIM(MID(SUBSTITUTE(K89,"-",REPT(" ",100)),(6-1)*100+1,100))),"") | S89: =IFERROR(VALUE(TRIM(MID(SUBSTITUTE(K89,"-",REPT(" ",100)),(7-1)*100+1,100))),"") | T89: =IFERROR(LOOKUP(2,1/(M89:S89<>""),M89:S89),"") | U89: =IF(K89="","",LEN(K89)-LEN(SUBSTITUTE(K89,"-",""))+1) | V89: 0 | W89: =IFERROR(IF(V89=0,T89,IFERROR(VALUE(TRIM(MID(SUBSTITUTE(K89,"-",REPT(" ",100)),(U89-V89-1)*100+1,100))),"")),"") | X89: =IFERROR(RealTime_Prediction!B4,"") -> ⚠ No confident prediction | Y89: =IF(AND(X89<>"",L89<>""),IF(X89=L89,"✓ YES","✗ NO"),"")
E90: =FALSE() -> FALSE | F90: =FALSE() -> FALSE | G90: =FALSE() -> FALSE | H90: =FALSE() -> FALSE | I90: =FALSE() -> FALSE | J90: =FALSE() -> FALSE | M90: =IFERROR(VALUE(TRIM(MID(SUBSTITUTE(K90,"-",REPT(" ",100)),(1-1)*100+1,100))),"") | N90: =IFERROR(VALUE(TRIM(MID(SUBSTITUTE(K90,"-",REPT(" ",100)),(2-1)*100+1,100))),"") | O90: =IFERROR(VALUE(TRIM(MID(SUBSTITUTE(K90,"-",REPT(" ",100)),(3-1)*100+1,100))),"") | P90: =IFERROR(VALUE(TRIM(MID(SUBSTITUTE(K90,"-",REPT(" ",100)),(4-1)*100+1,100))),"") | Q90: =IFERROR(VALUE(TRIM(MID(SUBSTITUTE(K90,"-",REPT(" ",100)),(5-1)*100+1,100))),"") | R90: =IFERROR(VALUE(TRIM(MID(SUBSTITUTE(K90,"-",REPT(" ",100)),(6-1)*100+1,100))),"") | S90: =IFERROR(VALUE(TRIM(MID(SUBSTITUTE(K90,"-",REPT(" ",100)),(7-1)*100+1,100))),"") | T90: =IFERROR(LOOKUP(2,1/(M90:S90<>""),M90:S90),"") | U90: =IF(K90="","",LEN(K90)-LEN(SUBSTITUTE(K90,"-",""))+1) | V90: 0 | W90: =IFERROR(IF(V90=0,T90,IFERROR(VALUE(TRIM(MID(SUBSTITUTE(K90,"-",REPT(" ",100)),(U90-V90-1)*100+1,100))),"")),"") | X90: =IFERROR(RealTime_Prediction!B4,"") -> ⚠ No confident prediction | Y90: =IF(AND(X90<>"",L90<>""),IF(X90=L90,"✓ YES","✗ NO"),"")
E91: =FALSE() -> FALSE | F91: =FALSE() -> FALSE | G91: =FALSE() -> FALSE | H91: =FALSE() -> FALSE | I91: =FALSE() -> FALSE | J91: =FALSE() -> FALSE | M91: =IFERROR(VALUE(TRIM(MID(SUBSTITUTE(K91,"-",REPT(" ",100)),(1-1)*100+1,100))),"") | N91: =IFERROR(VALUE(TRIM(MID(SUBSTITUTE(K91,"-",REPT(" ",100)),(2-1)*100+1,100))),"") | O91: =IFERROR(VALUE(TRIM(MID(SUBSTITUTE(K91,"-",REPT(" ",100)),(3-1)*100+1,100))),"") | P91: =IFERROR(VALUE(TRIM(MID(SUBSTITUTE(K91,"-",REPT(" ",100)),(4-1)*100+1,100))),"") | Q91: =IFERROR(VALUE(TRIM(MID(SUBSTITUTE(K91,"-",REPT(" ",100)),(5-1)*100+1,100))),"") | R91: =IFERROR(VALUE(TRIM(MID(SUBSTITUTE(K91,"-",REPT(" ",100)),(6-1)*100+1,100))),"") | S91: =IFERROR(VALUE(TRIM(MID(SUBSTITUTE(K91,"-",REPT(" ",100)),(7-1)*100+1,100))),"") | T91: =IFERROR(LOOKUP(2,1/(M91:S91<>""),M91:S91),"") | U91: =IF(K91="","",LEN(K91)-LEN(SUBSTITUTE(K91,"-",""))+1) | V91: 0 | W91: =IFERROR(IF(V91=0,T91,IFERROR(VALUE(TRIM(MID(SUBSTITUTE(K91,"-",REPT(" ",100)),(U91-V91-1)*100+1,100))),"")),"") | X91: =IFERROR(RealTime_Prediction!B4,"") -> ⚠ No confident prediction | Y91: =IF(AND(X91<>"",L91<>""),IF(X91=L91,"✓ YES","✗ NO"),"")
E92: =FALSE() -> FALSE | F92: =FALSE() -> FALSE | G92: =FALSE() -> FALSE | H92: =FALSE() -> FALSE | I92: =FALSE() -> FALSE | J92: =FALSE() -> FALSE | M92: =IFERROR(VALUE(TRIM(MID(SUBSTITUTE(K92,"-",REPT(" ",100)),(1-1)*100+1,100))),"") | N92: =IFERROR(VALUE(TRIM(MID(SUBSTITUTE(K92,"-",REPT(" ",100)),(2-1)*100+1,100))),"") | O92: =IFERROR(VALUE(TRIM(MID(SUBSTITUTE(K92,"-",REPT(" ",100)),(3-1)*100+1,100))),"") | P92: =IFERROR(VALUE(TRIM(MID(SUBSTITUTE(K92,"-",REPT(" ",100)),(4-1)*100+1,100))),"") | Q92: =IFERROR(VALUE(TRIM(MID(SUBSTITUTE(K92,"-",REPT(" ",100)),(5-1)*100+1,100))),"") | R92: =IFERROR(VALUE(TRIM(MID(SUBSTITUTE(K92,"-",REPT(" ",100)),(6-1)*100+1,100))),"") | S92: =IFERROR(VALUE(TRIM(MID(SUBSTITUTE(K92,"-",REPT(" ",100)),(7-1)*100+1,100))),"") | T92: =IFERROR(LOOKUP(2,1/(M92:S92<>""),M92:S92),"") | U92: =IF(K92="","",LEN(K92)-LEN(SUBSTITUTE(K92,"-",""))+1) | V92: 0 | W92: =IFERROR(IF(V92=0,T92,IFERROR(VALUE(TRIM(MID(SUBSTITUTE(K92,"-",REPT(" ",100)),(U92-V92-1)*100+1,100))),"")),"") | X92: =IFERROR(RealTime_Prediction!B4,"") -> ⚠ No confident prediction | Y92: =IF(AND(X92<>"",L92<>""),IF(X92=L92,"✓ YES","✗ NO"),"")
E93: =FALSE() -> FALSE | F93: =FALSE() -> FALSE | G93: =FALSE() -> FALSE | H93: =FALSE() -> FALSE | I93: =FALSE() -> FALSE | J93: =FALSE() -> FALSE | M93: =IFERROR(VALUE(TRIM(MID(SUBSTITUTE(K93,"-",REPT(" ",100)),(1-1)*100+1,100))),"") | N93: =IFERROR(VALUE(TRIM(MID(SUBSTITUTE(K93,"-",REPT(" ",100)),(2-1)*100+1,100))),"") | O93: =IFERROR(VALUE(TRIM(MID(SUBSTITUTE(K93,"-",REPT(" ",100)),(3-1)*100+1,100))),"") | P93: =IFERROR(VALUE(TRIM(MID(SUBSTITUTE(K93,"-",REPT(" ",100)),(4-1)*100+1,100))),"") | Q93: =IFERROR(VALUE(TRIM(MID(SUBSTITUTE(K93,"-",REPT(" ",100)),(5-1)*100+1,100))),"") | R93: =IFERROR(VALUE(TRIM(MID(SUBSTITUTE(K93,"-",REPT(" ",100)),(6-1)*100+1,100))),"") | S93: =IFERROR(VALUE(TRIM(MID(SUBSTITUTE(K93,"-",REPT(" ",100)),(7-1)*100+1,100))),"") | T93: =IFERROR(LOOKUP(2,1/(M93:S93<>""),M93:S93),"") | U93: =IF(K93="","",LEN(K93)-LEN(SUBSTITUTE(K93,"-",""))+1) | V93: 0 | W93: =IFERROR(IF(V93=0,T93,IFERROR(VALUE(TRIM(MID(SUBSTITUTE(K93,"-",REPT(" ",100)),(U93-V93-1)*100+1,100))),"")),"") | X93: =IFERROR(RealTime_Prediction!B4,"") -> ⚠ No confident prediction | Y93: =IF(AND(X93<>"",L93<>""),IF(X93=L93,"✓ YES","✗ NO"),"")
E94: =FALSE() -> FALSE | F94: =FALSE() -> FALSE | G94: =FALSE() -> FALSE | H94: =FALSE() -> FALSE | I94: =FALSE() -> FALSE | J94: =FALSE() -> FALSE | M94: =IFERROR(VALUE(TRIM(MID(SUBSTITUTE(K94,"-",REPT(" ",100)),(1-1)*100+1,100))),"") | N94: =IFERROR(VALUE(TRIM(MID(SUBSTITUTE(K94,"-",REPT(" ",100)),(2-1)*100+1,100))),"") | O94: =IFERROR(VALUE(TRIM(MID(SUBSTITUTE(K94,"-",REPT(" ",100)),(3-1)*100+1,100))),"") | P94: =IFERROR(VALUE(TRIM(MID(SUBSTITUTE(K94,"-",REPT(" ",100)),(4-1)*100+1,100))),"") | Q94: =IFERROR(VALUE(TRIM(MID(SUBSTITUTE(K94,"-",REPT(" ",100)),(5-1)*100+1,100))),"") | R94: =IFERROR(VALUE(TRIM(MID(SUBSTITUTE(K94,"-",REPT(" ",100)),(6-1)*100+1,100))),"") | S94: =IFERROR(VALUE(TRIM(MID(SUBSTITUTE(K94,"-",REPT(" ",100)),(7-1)*100+1,100))),"") | T94: =IFERROR(LOOKUP(2,1/(M94:S94<>""),M94:S94),"") | U94: =IF(K94="","",LEN(K94)-LEN(SUBSTITUTE(K94,"-",""))+1) | V94: 0 | W94: =IFERROR(IF(V94=0,T94,IFERROR(VALUE(TRIM(MID(SUBSTITUTE(K94,"-",REPT(" ",100)),(U94-V94-1)*100+1,100))),"")),"") | X94: =IFERROR(RealTime_Prediction!B4,"") -> ⚠ No confident prediction | Y94: =IF(AND(X94<>"",L94<>""),IF(X94=L94,"✓ YES","✗ NO"),"")
E95: =FALSE() -> FALSE | F95: =FALSE() -> FALSE | G95: =FALSE() -> FALSE | H95: =FALSE() -> FALSE | I95: =FALSE() -> FALSE | J95: =FALSE() -> FALSE | M95: =IFERROR(VALUE(TRIM(MID(SUBSTITUTE(K95,"-",REPT(" ",100)),(1-1)*100+1,100))),"") | N95: =IFERROR(VALUE(TRIM(MID(SUBSTITUTE(K95,"-",REPT(" ",100)),(2-1)*100+1,100))),"") | O95: =IFERROR(VALUE(TRIM(MID(SUBSTITUTE(K95,"-",REPT(" ",100)),(3-1)*100+1,100))),"") | P95: =IFERROR(VALUE(TRIM(MID(SUBSTITUTE(K95,"-",REPT(" ",100)),(4-1)*100+1,100))),"") | Q95: =IFERROR(VALUE(TRIM(MID(SUBSTITUTE(K95,"-",REPT(" ",100)),(5-1)*100+1,100))),"") | R95: =IFERROR(VALUE(TRIM(MID(SUBSTITUTE(K95,"-",REPT(" ",100)),(6-1)*100+1,100))),"") | S95: =IFERROR(VALUE(TRIM(MID(SUBSTITUTE(K95,"-",REPT(" ",100)),(7-1)*100+1,100))),"") | T95: =IFERROR(LOOKUP(2,1/(M95:S95<>""),M95:S95),"") | U95: =IF(K95="","",LEN(K95)-LEN(SUBSTITUTE(K95,"-",""))+1) | V95: 0 | W95: =IFERROR(IF(V95=0,T95,IFERROR(VALUE(TRIM(MID(SUBSTITUTE(K95,"-",REPT(" ",100)),(U95-V95-1)*100+1,100))),"")),"") | X95: =IFERROR(RealTime_Prediction!B4,"") -> ⚠ No confident prediction | Y95: =IF(AND(X95<>"",L95<>""),IF(X95=L95,"✓ YES","✗ NO"),"")
E96: =FALSE() -> FALSE | F96: =FALSE() -> FALSE | G96: =FALSE() -> FALSE | H96: =FALSE() -> FALSE | I96: =FALSE() -> FALSE | J96: =FALSE() -> FALSE | M96: =IFERROR(VALUE(TRIM(MID(SUBSTITUTE(K96,"-",REPT(" ",100)),(1-1)*100+1,100))),"") | N96: =IFERROR(VALUE(TRIM(MID(SUBSTITUTE(K96,"-",REPT(" ",100)),(2-1)*100+1,100))),"") | O96: =IFERROR(VALUE(TRIM(MID(SUBSTITUTE(K96,"-",REPT(" ",100)),(3-1)*100+1,100))),"") | P96: =IFERROR(VALUE(TRIM(MID(SUBSTITUTE(K96,"-",REPT(" ",100)),(4-1)*100+1,100))),"") | Q96: =IFERROR(VALUE(TRIM(MID(SUBSTITUTE(K96,"-",REPT(" ",100)),(5-1)*100+1,100))),"") | R96: =IFERROR(VALUE(TRIM(MID(SUBSTITUTE(K96,"-",REPT(" ",100)),(6-1)*100+1,100))),"") | S96: =IFERROR(VALUE(TRIM(MID(SUBSTITUTE(K96,"-",REPT(" ",100)),(7-1)*100+1,100))),"") | T96: =IFERROR(LOOKUP(2,1/(M96:S96<>""),M96:S96),"") | U96: =IF(K96="","",LEN(K96)-LEN(SUBSTITUTE(K96,"-",""))+1) | V96: 0 | W96: =IFERROR(IF(V96=0,T96,IFERROR(VALUE(TRIM(MID(SUBSTITUTE(K96,"-",REPT(" ",100)),(U96-V96-1)*100+1,100))),"")),"") | X96: =IFERROR(RealTime_Prediction!B4,"") -> ⚠ No confident prediction | Y96: =IF(AND(X96<>"",L96<>""),IF(X96=L96,"✓ YES","✗ NO"),"")
E97: =FALSE() -> FALSE | F97: =FALSE() -> FALSE | G97: =FALSE() -> FALSE | H97: =FALSE() -> FALSE | I97: =FALSE() -> FALSE | J97: =FALSE() -> FALSE | M97: =IFERROR(VALUE(TRIM(MID(SUBSTITUTE(K97,"-",REPT(" ",100)),(1-1)*100+1,100))),"") | N97: =IFERROR(VALUE(TRIM(MID(SUBSTITUTE(K97,"-",REPT(" ",100)),(2-1)*100+1,100))),"") | O97: =IFERROR(VALUE(TRIM(MID(SUBSTITUTE(K97,"-",REPT(" ",100)),(3-1)*100+1,100))),"") | P97: =IFERROR(VALUE(TRIM(MID(SUBSTITUTE(K97,"-",REPT(" ",100)),(4-1)*100+1,100))),"") | Q97: =IFERROR(VALUE(TRIM(MID(SUBSTITUTE(K97,"-",REPT(" ",100)),(5-1)*100+1,100))),"") | R97: =IFERROR(VALUE(TRIM(MID(SUBSTITUTE(K97,"-",REPT(" ",100)),(6-1)*100+1,100))),"") | S97: =IFERROR(VALUE(TRIM(MID(SUBSTITUTE(K97,"-",REPT(" ",100)),(7-1)*100+1,100))),"") | T97: =IFERROR(LOOKUP(2,1/(M97:S97<>""),M97:S97),"") | U97: =IF(K97="","",LEN(K97)-LEN(SUBSTITUTE(K97,"-",""))+1) | V97: 0 | W97: =IFERROR(IF(V97=0,T97,IFERROR(VALUE(TRIM(MID(SUBSTITUTE(K97,"-",REPT(" ",100)),(U97-V97-1)*100+1,100))),"")),"") | X97: =IFERROR(RealTime_Prediction!B4,"") -> ⚠ No confident prediction | Y97: =IF(AND(X97<>"",L97<>""),IF(X97=L97,"✓ YES","✗ NO"),"")
E98: =FALSE() -> FALSE | F98: =FALSE() -> FALSE | G98: =FALSE() -> FALSE | H98: =FALSE() -> FALSE | I98: =FALSE() -> FALSE | J98: =FALSE() -> FALSE | M98: =IFERROR(VALUE(TRIM(MID(SUBSTITUTE(K98,"-",REPT(" ",100)),(1-1)*100+1,100))),"") | N98: =IFERROR(VALUE(TRIM(MID(SUBSTITUTE(K98,"-",REPT(" ",100)),(2-1)*100+1,100))),"") | O98: =IFERROR(VALUE(TRIM(MID(SUBSTITUTE(K98,"-",REPT(" ",100)),(3-1)*100+1,100))),"") | P98: =IFERROR(VALUE(TRIM(MID(SUBSTITUTE(K98,"-",REPT(" ",100)),(4-1)*100+1,100))),"") | Q98: =IFERROR(VALUE(TRIM(MID(SUBSTITUTE(K98,"-",REPT(" ",100)),(5-1)*100+1,100))),"") | R98: =IFERROR(VALUE(TRIM(MID(SUBSTITUTE(K98,"-",REPT(" ",100)),(6-1)*100+1,100))),"") | S98: =IFERROR(VALUE(TRIM(MID(SUBSTITUTE(K98,"-",REPT(" ",100)),(7-1)*100+1,100))),"") | T98: =IFERROR(LOOKUP(2,1/(M98:S98<>""),M98:S98),"") | U98: =IF(K98="","",LEN(K98)-LEN(SUBSTITUTE(K98,"-",""))+1) | V98: 0 | W98: =IFERROR(IF(V98=0,T98,IFERROR(VALUE(TRIM(MID(SUBSTITUTE(K98,"-",REPT(" ",100)),(U98-V98-1)*100+1,100))),"")),"") | X98: =IFERROR(RealTime_Prediction!B4,"") -> ⚠ No confident prediction | Y98: =IF(AND(X98<>"",L98<>""),IF(X98=L98,"✓ YES","✗ NO"),"")
E99: =FALSE() -> FALSE | F99: =FALSE() -> FALSE | G99: =FALSE() -> FALSE | H99: =FALSE() -> FALSE | I99: =FALSE() -> FALSE | J99: =FALSE() -> FALSE | M99: =IFERROR(VALUE(TRIM(MID(SUBSTITUTE(K99,"-",REPT(" ",100)),(1-1)*100+1,100))),"") | N99: =IFERROR(VALUE(TRIM(MID(SUBSTITUTE(K99,"-",REPT(" ",100)),(2-1)*100+1,100))),"") | O99: =IFERROR(VALUE(TRIM(MID(SUBSTITUTE(K99,"-",REPT(" ",100)),(3-1)*100+1,100))),"") | P99: =IFERROR(VALUE(TRIM(MID(SUBSTITUTE(K99,"-",REPT(" ",100)),(4-1)*100+1,100))),"") | Q99: =IFERROR(VALUE(TRIM(MID(SUBSTITUTE(K99,"-",REPT(" ",100)),(5-1)*100+1,100))),"") | R99: =IFERROR(VALUE(TRIM(MID(SUBSTITUTE(K99,"-",REPT(" ",100)),(6-1)*100+1,100))),"") | S99: =IFERROR(VALUE(TRIM(MID(SUBSTITUTE(K99,"-",REPT(" ",100)),(7-1)*100+1,100))),"") | T99: =IFERROR(LOOKUP(2,1/(M99:S99<>""),M99:S99),"") | U99: =IF(K99="","",LEN(K99)-LEN(SUBSTITUTE(K99,"-",""))+1) | V99: 0 | W99: =IFERROR(IF(V99=0,T99,IFERROR(VALUE(TRIM(MID(SUBSTITUTE(K99,"-",REPT(" ",100)),(U99-V99-1)*100+1,100))),"")),"") | X99: =IFERROR(RealTime_Prediction!B4,"") -> ⚠ No confident prediction | Y99: =IF(AND(X99<>"",L99<>""),IF(X99=L99,"✓ YES","✗ NO"),"")
E100: =FALSE() -> FALSE | F100: =FALSE() -> FALSE | G100: =FALSE() -> FALSE | H100: =FALSE() -> FALSE | I100: =FALSE() -> FALSE | J100: =FALSE() -> FALSE | M100: =IFERROR(VALUE(TRIM(MID(SUBSTITUTE(K100,"-",REPT(" ",100)),(1-1)*100+1,100))),"") | N100: =IFERROR(VALUE(TRIM(MID(SUBSTITUTE(K100,"-",REPT(" ",100)),(2-1)*100+1,100))),"") | O100: =IFERROR(VALUE(TRIM(MID(SUBSTITUTE(K100,"-",REPT(" ",100)),(3-1)*100+1,100))),"") | P100: =IFERROR(VALUE(TRIM(MID(SUBSTITUTE(K100,"-",REPT(" ",100)),(4-1)*100+1,100))),"") | Q100: =IFERROR(VALUE(TRIM(MID(SUBSTITUTE(K100,"-",REPT(" ",100)),(5-1)*100+1,100))),"") | R100: =IFERROR(VALUE(TRIM(MID(SUBSTITUTE(K100,"-",REPT(" ",100)),(6-1)*100+1,100))),"") | S100: =IFERROR(VALUE(TRIM(MID(SUBSTITUTE(K100,"-",REPT(" ",100)),(7-1)*100+1,100))),"") | T100: =IFERROR(LOOKUP(2,1/(M100:S100<>""),M100:S100),"") | U100: =IF(K100="","",LEN(K100)-LEN(SUBSTITUTE(K100,"-",""))+1) | V100: 0 | W100: =IFERROR(IF(V100=0,T100,IFERROR(VALUE(TRIM(MID(SUBSTITUTE(K100,"-",REPT(" ",100)),(U100-V100-1)*100+1,100))),"")),"") | X100: =IFERROR(RealTime_Prediction!B4,"") -> ⚠ No confident prediction | Y100: =IF(AND(X100<>"",L100<>""),IF(X100=L100,"✓ YES","✗ NO"),"")
...

Sheet Logic_Core
A1: 🔬 LOGIC CORE | Pattern Correlation Matrix
A2: Each theory is tested against actual pitch results. Confidence = (Correct Predictions / Observations with sufficient data). Min 5 obs required.
A3: THEORY | B3: CONDITION | C3: FILTER | D3: OBSERVATIONS | E3: CORRECT Fastball | F3: CORRECT Curveball | G3: CORRECT Slider | H3: CORRECT Changeup | I3: TOTAL CORRECT | J3: CONFIDENCE % | K3: HOT? | L3: NOTES
A4: 📌 SECTION 1: Fixed Position Theories
A5: Fixed Position: Sign 1 = Pitch | B5: The Sign 1 in sequence is always the pitch call | C5: No filter (all situations) | D5: =COUNTIFS(Live_Input!M3:M102,"<>"&"",Live_Input!L3:L102,"<>"&"") -> 0 | E5: =COUNTIFS(Live_Input!M3:M102,"<>"&"",Live_Input!L3:L102,"Fastball") -> 0 | F5: =COUNTIFS(Live_Input!M3:M102,"<>"&"",Live_Input!L3:L102,"Curveball") -> 0 | G5: =COUNTIFS(Live_Input!M3:M102,"<>"&"",Live_Input!L3:L102,"Slider") -> 0 | H5: =COUNTIFS(Live_Input!M3:M102,"<>"&"",Live_Input!L3:L102,"Changeup") -> 0 | I5: =SUM(E5:H5) -> 0 | J5: =IF(D5>=5,I5/D5,"") | K5: =IF(J5>=0.8,"🔥 HOT","—") -> 🔥 HOT
A6: Fixed Position: Sign 2 = Pitch | B6: The Sign 2 in sequence is always the pitch call | C6: No filter (all situations) | D6: =COUNTIFS(Live_Input!N3:N102,"<>"&"",Live_Input!L3:L102,"<>"&"") -> 0 | E6: =COUNTIFS(Live_Input!N3:N102,"<>"&"",Live_Input!L3:L102,"Fastball") -> 0 | F6: =COUNTIFS(Live_Input!N3:N102,"<>"&"",Live_Input!L3:L102,"Curveball") -> 0 | G6: =COUNTIFS(Live_Input!N3:N102,"<>"&"",Live_Input!L3:L102,"Slider") -> 0 | H6: =COUNTIFS(Live_Input!N3:N102,"<>"&"",Live_Input!L3:L102,"Changeup") -> 0 | I6: =SUM(E6:H6) -> 0 | J6: =IF(D6>=5,I6/D6,"") | K6: =IF(J6>=0.8,"🔥 HOT","—") -> 🔥 HOT
A7: Fixed Position: Sign 3 = Pitch | B7: The Sign 3 in sequence is always the pitch call | C7: No filter (all situations) | D7: =COUNTIFS(Live_Input!O3:O102,"<>"&"",Live_Input!L3:L102,"<>"&"") -> 0 | E7: =COUNTIFS(Live_Input!O3:O102,"<>"&"",Live_Input!L3:L102,"Fastball") -> 0 | F7: =COUNTIFS(Live_Input!O3:O102,"<>"&"",Live_Input!L3:L102,"Curveball") -> 0 | G7: =COUNTIFS(Live_Input!O3:O102,"<>"&"",Live_Input!L3:L102,"Slider") -> 0 | H7: =COUNTIFS(Live_Input!O3:O102,"<>"&"",Live_Input!L3:L102,"Changeup") -> 0 | I7: =SUM(E7:H7) -> 0 | J7: =IF(D7>=5,I7/D7,"") | K7: =IF(J7>=0.8,"🔥 HOT","—") -> 🔥 HOT
A8: 🔑 SECTION 2: Indicator System (Key Number)
A9: Indicator Key = 1 | B9: When indicator 1 appears anywhere in signs 1-4 | C9: Sign1-4 checked for indicator | D9: =COUNTIFS(Live_Input!M3:M102,1,Live_Input!L3:L102,"<>"&"")+COUNTIFS(Live_Input!N3:N102,1,Live_Input!L3:L102,"<>"&"")+COUNTIFS(Live_Input!O3:O102,1,Live_Input!L3:L102,"<>"&"")+COUNTIFS(Live_Input!P3:P102,1,Live_Input!L3:L102,"<>"&"") -> 0 | E9: =COUNTIFS(Live_Input!M3:M102,1,Live_Input!L3:L102,"Fastball")+COUNTIFS(Live_Input!N3:N102,1,Live_Input!L3:L102,"Fastball")+COUNTIFS(Live_Input!O3:O102,1,Live_Input!L3:L102,"Fastball")+COUNTIFS(Live_Input!P3:P102,1,Live_Input!L3:L102,"Fastball") -> 0 | F9: =COUNTIFS(Live_Input!M3:M102,1,Live_Input!L3:L102,"Curveball")+COUNTIFS(Live_Input!N3:N102,1,Live_Input!L3:L102,"Curveball")+COUNTIFS(Live_Input!O3:O102,1,Live_Input!L3:L102,"Curveball")+COUNTIFS(Live_Input!P3:P102,1,Live_Input!L3:L102,"Curveball") -> 0 | G9: =COUNTIFS(Live_Input!M3:M102,1,Live_Input!L3:L102,"Slider")+COUNTIFS(Live_Input!N3:N102,1,Live_Input!L3:L102,"Slider")+COUNTIFS(Live_Input!O3:O102,1,Live_Input!L3:L102,"Slider")+COUNTIFS(Live_Input!P3:P102,1,Live_Input!L3:L102,"Slider") -> 0 | H9: =COUNTIFS(Live_Input!M3:M102,1,Live_Input!L3:L102,"Changeup")+COUNTIFS(Live_Input!N3:N102,1,Live_Input!L3:L102,"Changeup")+COUNTIFS(Live_Input!O3:O102,1,Live_Input!L3:L102,"Changeup")+COUNTIFS(Live_Input!P3:P102,1,Live_Input!L3:L102,"Changeup") -> 0 | I9: =SUM(E9:H9) -> 0 | J9: =IF(D9>=5,I9/D9,"") | K9: =IF(J9>=0.8,"🔥 HOT","—") -> 🔥 HOT
A10: Indicator Key = 2 | B10: When indicator 2 appears anywhere in signs 1-4 | C10: Sign1-4 checked for indicator | D10: =COUNTIFS(Live_Input!M3:M102,2,Live_Input!L3:L102,"<>"&"")+COUNTIFS(Live_Input!N3:N102,2,Live_Input!L3:L102,"<>"&"")+COUNTIFS(Live_Input!O3:O102,2,Live_Input!L3:L102,"<>"&"")+COUNTIFS(Live_Input!P3:P102,2,Live_Input!L3:L102,"<>"&"") -> 0 | E10: =COUNTIFS(Live_Input!M3:M102,2,Live_Input!L3:L102,"Fastball")+COUNTIFS(Live_Input!N3:N102,2,Live_Input!L3:L102,"Fastball")+COUNTIFS(Live_Input!O3:O102,2,Live_Input!L3:L102,"Fastball")+COUNTIFS(Live_Input!P3:P102,2,Live_Input!L3:L102,"Fastball") -> 0 | F10: =COUNTIFS(Live_Input!M3:M102,2,Live_Input!L3:L102,"Curveball")+COUNTIFS(Live_Input!N3:N102,2,Live_Input!L3:L102,"Curveball")+COUNTIFS(Live_Input!O3:O102,2,Live_Input!L3:L102,"Curveball")+COUNTIFS(Live_Input!P3:P102,2,Live_Input!L3:L102,"Curveball") -> 0 | G10: =COUNTIFS(Live_Input!M3:M102,2,Live_Input!L3:L102,"Slider")+COUNTIFS(Live_Input!N3:N102,2,Live_Input!L3:L102,"Slider")+COUNTIFS(Live_Input!O3:O102,2,Live_Input!L3:L102,"Slider")+COUNTIFS(Live_Input!P3:P102,2,Live_Input!L3:L102,"Slider") -> 0 | H10: =COUNTIFS(Live_Input!M3:M102,2,Live_Input!L3:L102,"Changeup")+COUNTIFS(Live_Input!N3:N102,2,Live_Input!L3:L102,"Changeup")+COUNTIFS(Live_Input!O3:O102,2,Live_Input!L3:L102,"Changeup")+COUNTIFS(Live_Input!P3:P102,2,Live_Input!L3:L102,"Changeup") -> 0 | I10: =SUM(E10:H10) -> 0 | J10: =IF(D10>=5,I10/D10,"") | K10: =IF(J10>=0.8,"🔥 HOT","—") -> 🔥 HOT
A11: Indicator Key = 3 | B11: When indicator 3 appears anywhere in signs 1-4 | C11: Sign1-4 checked for indicator | D11: =COUNTIFS(Live_Input!M3:M102,3,Live_Input!L3:L102,"<>"&"")+COUNTIFS(Live_Input!N3:N102,3,Live_Input!L3:L102,"<>"&"")+COUNTIFS(Live_Input!O3:O102,3,Live_Input!L3:L102,"<>"&"")+COUNTIFS(Live_Input!P3:P102,3,Live_Input!L3:L102,"<>"&"") -> 0 | E11: =COUNTIFS(Live_Input!M3:M102,3,Live_Input!L3:L102,"Fastball")+COUNTIFS(Live_Input!N3:N102,3,Live_Input!L3:L102,"Fastball")+COUNTIFS(Live_Input!O3:O102,3,Live_Input!L3:L102,"Fastball")+COUNTIFS(Live_Input!P3:P102,3,Live_Input!L3:L102,"Fastball") -> 0 | F11: =COUNTIFS(Live_Input!M3:M102,3,Live_Input!L3:L102,"Curveball")+COUNTIFS(Live_Input!N3:N102,3,Live_Input!L3:L102,"Curveball")+COUNTIFS(Live_Input!O3:O102,3,Live_Input!L3:L102,"Curveball")+COUNTIFS(Live_Input!P3:P102,3,Live_Input!L3:L102,"Curveball") -> 0 | G11: =COUNTIFS(Live_Input!M3:M102,3,Live_Input!L3:L102,"Slider")+COUNTIFS(Live_Input!N3:N102,3,Live_Input!L3:L102,"Slider")+COUNTIFS(Live_Input!O3:O102,3,Live_Input!L3:L102,"Slider")+COUNTIFS(Live_Input!P3:P102,3,Live_Input!L3:L102,"Slider") -> 0 | H11: =COUNTIFS(Live_Input!M3:M102,3,Live_Input!L3:L102,"Changeup")+COUNTIFS(Live_Input!N3:N102,3,Live_Input!L3:L102,"Changeup")+COUNTIFS(Live_Input!O3:O102,3,Live_Input!L3:L102,"Changeup")+COUNTIFS(Live_Input!P3:P102,3,Live_Input!L3:L102,"Changeup") -> 0 | I11: =SUM(E11:H11) -> 0 | J11: =IF(D11>=5,I11/D11,"") | K11: =IF(J11>=0.8,"🔥 HOT","—") -> 🔥 HOT
A12: Indicator Key = 4 | B12: When indicator 4 appears anywhere in signs 1-4 | C12: Sign1-4 checked for indicator | D12: =COUNTIFS(Live_Input!M3:M102,4,Live_Input!L3:L102,"<>"&"")+COUNTIFS(Live_Input!N3:N102,4,Live_Input!L3:L102,"<>"&"")+COUNTIFS(Live_Input!O3:O102,4,Live_Input!L3:L102,"<>"&"")+COUNTIFS(Live_Input!P3:P102,4,Live_Input!L3:L102,"<>"&"") -> 0 | E12: =COUNTIFS(Live_Input!M3:M102,4,Live_Input!L3:L102,"Fastball")+COUNTIFS(Live_Input!N3:N102,4,Live_Input!L3:L102,"Fastball")+COUNTIFS(Live_Input!O3:O102,4,Live_Input!L3:L102,"Fastball")+COUNTIFS(Live_Input!P3:P102,4,Live_Input!L3:L102,"Fastball") -> 0 | F12: =COUNTIFS(Live_Input!M3:M102,4,Live_Input!L3:L102,"Curveball")+COUNTIFS(Live_Input!N3:N102,4,Live_Input!L3:L102,"Curveball")+COUNTIFS(Live_Input!O3:O102,4,Live_Input!L3:L102,"Curveball")+COUNTIFS(Live_Input!P3:P102,4,Live_Input!L3:L102,"Curveball") -> 0 | G12: =COUNTIFS(Live_Input!M3:M102,4,Live_Input!L3:L102,"Slider")+COUNTIFS(Live_Input!N3:N102,4,Live_Input!L3:L102,"Slider")+COUNTIFS(Live_Input!O3:O102,4,Live_Input!L3:L102,"Slider")+COUNTIFS(Live_Input!P3:P102,4,Live_Input!L3:L102,"Slider") -> 0 | H12: =COUNTIFS(Live_Input!M3:M102,4,Live_Input!L3:L102,"Changeup")+COUNTIFS(Live_Input!N3:N102,4,Live_Input!L3:L102,"Changeup")+COUNTIFS(Live_Input!O3:O102,4,Live_Input!L3:L102,"Changeup")+COUNTIFS(Live_Input!P3:P102,4,Live_Input!L3:L102,"Changeup") -> 0 | I12: =SUM(E12:H12) -> 0 | J12: =IF(D12>=5,I12/D12,"") | K12: =IF(J12>=0.8,"🔥 HOT","—") -> 🔥 HOT
A13: Indicator Key = 5 | B13: When indicator 5 appears anywhere in signs 1-4 | C13: Sign1-4 checked for indicator | D13: =COUNTIFS(Live_Input!M3:M102,5,Live_Input!L3:L102,"<>"&"")+COUNTIFS(Live_Input!N3:N102,5,Live_Input!L3:L102,"<>"&"")+COUNTIFS(Live_Input!O3:O102,5,Live_Input!L3:L102,"<>"&"")+COUNTIFS(Live_Input!P3:P102,5,Live_Input!L3:L102,"<>"&"") -> 0 | E13: =COUNTIFS(Live_Input!M3:M102,5,Live_Input!L3:L102,"Fastball")+COUNTIFS(Live_Input!N3:N102,5,Live_Input!L3:L102,"Fastball")+COUNTIFS(Live_Input!O3:O102,5,Live_Input!L3:L102,"Fastball")+COUNTIFS(Live_Input!P3:P102,5,Live_Input!L3:L102,"Fastball") -> 0 | F13: =COUNTIFS(Live_Input!M3:M102,5,Live_Input!L3:L102,"Curveball")+COUNTIFS(Live_Input!N3:N102,5,Live_Input!L3:L102,"Curveball")+COUNTIFS(Live_Input!O3:O102,5,Live_Input!L3:L102,"Curveball")+COUNTIFS(Live_Input!P3:P102,5,Live_Input!L3:L102,"Curveball") -> 0 | G13: =COUNTIFS(Live_Input!M3:M102,5,Live_Input!L3:L102,"Slider")+COUNTIFS(Live_Input!N3:N102,5,Live_Input!L3:L102,"Slider")+COUNTIFS(Live_Input!O3:O102,5,Live_Input!L3:L102,"Slider")+COUNTIFS(Live_Input!P3:P102,5,Live_Input!L3:L102,"Slider") -> 0 | H13: =COUNTIFS(Live_Input!M3:M102,5,Live_Input!L3:L102,"Changeup")+COUNTIFS(Live_Input!N3:N102,5,Live_Input!L3:L102,"Changeup")+COUNTIFS(Live_Input!O3:O102,5,Live_Input!L3:L102,"Changeup")+COUNTIFS(Live_Input!P3:P102,5,Live_Input!L3:L102,"Changeup") -> 0 | I13: =SUM(E13:H13) -> 0 | J13: =IF(D13>=5,I13/D13,"") | K13: =IF(J13>=0.8,"🔥 HOT","—") -> 🔥 HOT
A14: 🔄 SECTION 3: Inning Flip (ODD vs EVEN)
A15: Odd Innings: Sign 1 = Pitch | B15: In ODD innings, first sign is the call | C15: ODD inning only (MOD(Inning,2)=1) | D15: =SUMPRODUCT((MOD(Live_Input!A3:A102,2)=1)*(Live_Input!M3:M102<>"")*(Live_Input!L3:L102<>"")) -> 0 | E15: =SUMPRODUCT((MOD(Live_Input!A3:A102,2)=1)*(Live_Input!M3:M102<>"")*(Live_Input!L3:L102="Fastball")) -> 0 | F15: =SUMPRODUCT((MOD(Live_Input!A3:A102,2)=1)*(Live_Input!M3:M102<>"")*(Live_Input!L3:L102="Curveball")) -> 0 | G15: =SUMPRODUCT((MOD(Live_Input!A3:A102,2)=1)*(Live_Input!M3:M102<>"")*(Live_Input!L3:L102="Slider")) -> 0 | H15: =SUMPRODUCT((MOD(Live_Input!A3:A102,2)=1)*(Live_Input!M3:M102<>"")*(Live_Input!L3:L102="Changeup")) -> 0 | I15: =SUM(E15:H15) -> 0 | J15: =IF(D15>=5,I15/D15,"") | K15: =IF(J15>=0.8,"🔥 HOT","—") -> 🔥 HOT
A16: Even Innings: Sign 2 = Pitch | B16: In EVEN innings, second sign is the call | C16: EVEN inning only (MOD(Inning,2)=0) | D16: =SUMPRODUCT((MOD(Live_Input!A3:A102,2)=0)*(Live_Input!A3:A102>0)*(Live_Input!N3:N102<>"")*(Live_Input!L3:L102<>"")) -> 0 | E16: =SUMPRODUCT((MOD(Live_Input!A3:A102,2)=0)*(Live_Input!A3:A102>0)*(Live_Input!N3:N102<>"")*(Live_Input!L3:L102="Fastball")) -> 0 | F16: =SUMPRODUCT((MOD(Live_Input!A3:A102,2)=0)*(Live_Input!A3:A102>0)*(Live_Input!N3:N102<>"")*(Live_Input!L3:L102="Curveball")) -> 0 | G16: =SUMPRODUCT((MOD(Live_Input!A3:A102,2)=0)*(Live_Input!A3:A102>0)*(Live_Input!N3:N102<>"")*(Live_Input!L3:L102="Slider")) -> 0 | H16: =SUMPRODUCT((MOD(Live_Input!A3:A102,2)=0)*(Live_Input!A3:A102>0)*(Live_Input!N3:N102<>"")*(Live_Input!L3:L102="Changeup")) -> 0 | I16: =SUM(E16:H16) -> 0 | J16: =IF(D16>=5,I16/D16,"") | K16: =IF(J16>=0.8,"🔥 HOT","—") -> 🔥 HOT
A17: 🤲 SECTION 4: Tell-Based Flip (Touch Mask / Chest Wipe)
A18: Touch Mask → Sign 2 = Pitch | B18: When Touch Mask (G) is checked, Sign 2 is the call | C18: Touch Mask = TRUE | D18: =COUNTIFS(Live_Input!G3:G102,TRUE(),Live_Input!N3:N102,"<>"&"",Live_Input!L3:L102,"<>"&"") -> 0 | E18: =COUNTIFS(Live_Input!G3:G102,TRUE(),Live_Input!N3:N102,"<>"&"",Live_Input!L3:L102,"Fastball") -> 0 | F18: =COUNTIFS(Live_Input!G3:G102,TRUE(),Live_Input!N3:N102,"<>"&"",Live_Input!L3:L102,"Curveball") -> 0 | G18: =COUNTIFS(Live_Input!G3:G102,TRUE(),Live_Input!N3:N102,"<>"&"",Live_Input!L3:L102,"Slider") -> 0 | H18: =COUNTIFS(Live_Input!G3:G102,TRUE(),Live_Input!N3:N102,"<>"&"",Live_Input!L3:L102,"Changeup") -> 0 | I18: =SUM(E18:H18) -> 0 | J18: =IF(D18>=5,I18/D18,"") | K18: =IF(J18>=0.8,"🔥 HOT","—") -> 🔥 HOT
A19: Chest Wipe → Last Sign = Pitch | B19: When Chest Wipe (F) is checked, Last sign is the call | C19: Chest Wipe = TRUE | D19: =COUNTIFS(Live_Input!F3:F102,TRUE(),Live_Input!T3:T102,"<>"&"",Live_Input!L3:L102,"<>"&"") -> 0 | E19: =COUNTIFS(Live_Input!F3:F102,TRUE(),Live_Input!T3:T102,"<>"&"",Live_Input!L3:L102,"Fastball") -> 0 | F19: =COUNTIFS(Live_Input!F3:F102,TRUE(),Live_Input!T3:T102,"<>"&"",Live_Input!L3:L102,"Curveball") -> 0 | G19: =COUNTIFS(Live_Input!F3:F102,TRUE(),Live_Input!T3:T102,"<>"&"",Live_Input!L3:L102,"Slider") -> 0 | H19: =COUNTIFS(Live_Input!F3:F102,TRUE(),Live_Input!T3:T102,"<>"&"",Live_Input!L3:L102,"Changeup") -> 0 | I19: =SUM(E19:H19) -> 0 | J19: =IF(D19>=5,I19/D19,"") | K19: =IF(J19>=0.8,"🔥 HOT","—") -> 🔥 HOT
A20: 🏃 SECTION 5: Runner on 2nd (Simple vs Complex Signs)
A21: Simple Signs: Sign 1 = Pitch (No Runner) | B21: Runner on 2nd = FALSE → Sign 1 is the call | C21: R on 2nd = FALSE | D21: =COUNTIFS(Live_Input!E3:E102,FALSE(),Live_Input!M3:M102,"<>"&"",Live_Input!L3:L102,"<>"&"") -> 0 | E21: =COUNTIFS(Live_Input!E3:E102,FALSE(),Live_Input!M3:M102,"<>"&"",Live_Input!L3:L102,"Fastball") -> 0 | F21: =COUNTIFS(Live_Input!E3:E102,FALSE(),Live_Input!M3:M102,"<>"&"",Live_Input!L3:L102,"Curveball") -> 0 | G21: =COUNTIFS(Live_Input!E3:E102,FALSE(),Live_Input!M3:M102,"<>"&"",Live_Input!L3:L102,"Slider") -> 0 | H21: =COUNTIFS(Live_Input!E3:E102,FALSE(),Live_Input!M3:M102,"<>"&"",Live_Input!L3:L102,"Changeup") -> 0 | I21: =SUM(E21:H21) -> 0 | J21: =IF(D21>=5,I21/D21,"") | K21: =IF(J21>=0.8,"🔥 HOT","—") -> 🔥 HOT
A22: Complex Signs: Last Sign = Pitch (Runner On) | B22: Runner on 2nd = TRUE → Last sign is the call | C22: R on 2nd = TRUE | D22: =COUNTIFS(Live_Input!E3:E102,TRUE(),Live_Input!T3:T102,"<>"&"",Live_Input!L3:L102,"<>"&"") -> 0 | E22: =COUNTIFS(Live_Input!E3:E102,TRUE(),Live_Input!T3:T102,"<>"&"",Live_Input!L3:L102,"Fastball") -> 0 | F22: =COUNTIFS(Live_Input!E3:E102,TRUE(),Live_Input!T3:T102,"<>"&"",Live_Input!L3:L102,"Curveball") -> 0 | G22: =COUNTIFS(Live_Input!E3:E102,TRUE(),Live_Input!T3:T102,"<>"&"",Live_Input!L3:L102,"Slider") -> 0 | H22: =COUNTIFS(Live_Input!E3:E102,TRUE(),Live_Input!T3:T102,"<>"&"",Live_Input!L3:L102,"Changeup") -> 0 | I22: =SUM(E22:H22) -> 0 | J22: =IF(D22>=5,I22/D22,"") | K22: =IF(J22>=0.8,"🔥 HOT","—") -> 🔥 HOT
A23: Shake-Adjusted Sign = Pitch | B23: After applying shake offset, adjusted sign matches pitch | C23: Shake Count ≥ 1 | D23: =COUNTIFS(Live_Input!V3:V102,">="&1,Live_Input!W3:W102,"<>"&"",Live_Input!L3:L102,"<>"&"") -> 0 | E23: =COUNTIFS(Live_Input!V3:V102,">="&1,Live_Input!W3:W102,"<>"&"",Live_Input!L3:L102,"Fastball") -> 0 | F23: =COUNTIFS(Live_Input!V3:V102,">="&1,Live_Input!W3:W102,"<>"&"",Live_Input!L3:L102,"Curveball") -> 0 | G23: =COUNTIFS(Live_Input!V3:V102,">="&1,Live_Input!W3:W102,"<>"&"",Live_Input!L3:L102,"Slider") -> 0 | H23: =COUNTIFS(Live_Input!V3:V102,">="&1,Live_Input!W3:W102,"<>"&"",Live_Input!L3:L102,"Changeup") -> 0 | I23: =SUM(E23:H23) -> 0 | J23: =IF(D23>=5,I23/D23,"") | K23: =IF(J23>=0.8,"🔥 HOT","—") -> 🔥 HOT

Sheet RealTime_Prediction
A1: 🎯 SIGNAL-INTERCEPT | Real-Time Prediction Dashboard
A2: 🔮 NEXT PITCH GUESS
A3: Leading Theory: | B3: =IFERROR(INDEX(Logic_Core!A5:A30,MATCH(MAX(IF(Logic_Core!J5:J30>=0.8,Logic_Core!J5:J30)),IF(Logic_Core!J5:J30>=0.8,Logic_Core!J5:J30),0)),"No Hot Theory (Need 5+ Obs)") -> No Hot Theory (Need 5+ Obs)
A4: Predicted Pitch: | B4: =IFERROR(IF(MAX(Logic_Core!J5:J30)<0.8,"⚠ No confident prediction",_xludf.let(hot_row,MATCH(MAX(IF(Logic_Core!J5:J30>=0.8,Logic_Core!J5:J30)),Logic_Core!J5:J30,0),INDEX({"Fastball","Curveball","Slider","Changeup"},MATCH(MAX(OFFSET(Logic_Core!E5,hot_row-1,0,1,4)),OFFSET(Logic_Core!E5,hot_row-1,0,1,4),0)))),"Enter data first") -> ⚠ No confident prediction
A5: Confidence: | B5: =IFERROR(IF(MAX(Logic_Core!J5:J30)<0.5,"—",TEXT(MAX(Logic_Core!J5:J30),"0.0%")),"—") -> —
A7: 🚨 SCOUTING ALERTS
A8: Indicator Logic Switch | B8: =IF(IFERROR(AVERAGEIF(Live_Input!U3:U102,">0"),0)>4,"⚠ ALERT: Average sequence length > 4. Indicator system likely active. Check Logic_Core Indicator rows.","✓ Sequence lengths normal (≤4 avg). Fixed-position signs probable.") -> ✓ Sequence lengths normal (≤4 avg). Fixed-position signs probable.
A9: Runner on 2nd Override | B9: =IF(COUNTIF(Live_Input!E3:E102,TRUE())>0,"⚠ Runner on 2nd detected in dataset. Complex sign system may be in use. Check Section 5 theories.","✓ No runners on 2nd in current data.") -> ✓ No runners on 2nd in current data.
A10: Tell-Based Flip Detected | B10: =IF(COUNTIF(Live_Input!G3:G102,TRUE())+COUNTIF(Live_Input!F3:F102,TRUE())>0,"⚠ Tell activity detected (Touch Mask / Chest Wipe). Section 4 theories now active.","✓ No tell activity detected.") -> ✓ No tell activity detected.
A11: Shake Modifier Active | B11: =IF(COUNTIF(Live_Input!V3:V102,">=1")>0,"⚠ Pitcher shakes detected. Shake-Adjusted Sign theory activated. Check Logic_Core Section 5.","✓ No shake events logged.") -> ✓ No shake events logged.
A12: Sign Reset Warning | B12: =IF(COUNTIF(Live_Input!J3:J102,TRUE())>0,"⚠ Sign Reset events logged. Parser ignoring pre-reset signs — verify W column accuracy.","✓ No sign resets in current data.") -> ✓ No sign resets in current data.
A13: High Confidence Alert | B13: =IF(MAX(Logic_Core!J5:J30)>=0.9,"🔥 CONFIDENCE ≥ 90%! Hot theory locked. Run DeepScan for hidden indicator correlations.",IF(MAX(Logic_Core!J5:J30)>=0.8,"🟡 Confidence ≥ 80%. Leading theory is hot. Monitor for confirmation.","🔵 No theory above 80% confidence yet. Continue collecting data.")) -> 🔵 No theory above 80% confidence yet. Continue collecting data.
A15: 📊 THEORY LEADERBOARD (Top Theories by Confidence)
A16: RANK | B16: THEORY | C16: OBSERVATIONS | D16: CORRECT | E16: CONFIDENCE | F16: STATUS
A17: 1 | B17: =IFERROR(INDEX(Logic_Core!A5:A30,MATCH(LARGE(Logic_Core!J5:J30,1),Logic_Core!J5:J30,0)),"—") -> — | C17: =IFERROR(INDEX(Logic_Core!D5:D30,MATCH(LARGE(Logic_Core!J5:J30,1),Logic_Core!J5:J30,0)),"—") -> — | D17: =IFERROR(INDEX(Logic_Core!I5:I30,MATCH(LARGE(Logic_Core!J5:J30,1),Logic_Core!J5:J30,0)),"—") -> — | E17: =IFERROR(LARGE(Logic_Core!J5:J30,1),"—") -> — | F17: =IFERROR(IF(LARGE(Logic_Core!J5:J30,1)>=0.9,"🔥 ELITE",IF(LARGE(Logic_Core!J5:J30,1)>=0.8,"✅ HOT",IF(LARGE(Logic_Core!J5:J30,1)>=0.6,"🟡 WARM","❌ COLD"))),"—") -> —
A18: 2 | B18: =IFERROR(INDEX(Logic_Core!A5:A30,MATCH(LARGE(Logic_Core!J5:J30,2),Logic_Core!J5:J30,0)),"—") -> — | C18: =IFERROR(INDEX(Logic_Core!D5:D30,MATCH(LARGE(Logic_Core!J5:J30,2),Logic_Core!J5:J30,0)),"—") -> — | D18: =IFERROR(INDEX(Logic_Core!I5:I30,MATCH(LARGE(Logic_Core!J5:J30,2),Logic_Core!J5:J30,0)),"—") -> — | E18: =IFERROR(LARGE(Logic_Core!J5:J30,2),"—") -> — | F18: =IFERROR(IF(LARGE(Logic_Core!J5:J30,2)>=0.9,"🔥 ELITE",IF(LARGE(Logic_Core!J5:J30,2)>=0.8,"✅ HOT",IF(LARGE(Logic_Core!J5:J30,2)>=0.6,"🟡 WARM","❌ COLD"))),"—") -> —
A19: 3 | B19: =IFERROR(INDEX(Logic_Core!A5:A30,MATCH(LARGE(Logic_Core!J5:J30,3),Logic_Core!J5:J30,0)),"—") -> — | C19: =IFERROR(INDEX(Logic_Core!D5:D30,MATCH(LARGE(Logic_Core!J5:J30,3),Logic_Core!J5:J30,0)),"—") -> — | D19: =IFERROR(INDEX(Logic_Core!I5:I30,MATCH(LARGE(Logic_Core!J5:J30,3),Logic_Core!J5:J30,0)),"—") -> — | E19: =IFERROR(LARGE(Logic_Core!J5:J30,3),"—") -> — | F19: =IFERROR(IF(LARGE(Logic_Core!J5:J30,3)>=0.9,"🔥 ELITE",IF(LARGE(Logic_Core!J5:J30,3)>=0.8,"✅ HOT",IF(LARGE(Logic_Core!J5:J30,3)>=0.6,"🟡 WARM","❌ COLD"))),"—") -> —
A20: 4 | B20: =IFERROR(INDEX(Logic_Core!A5:A30,MATCH(LARGE(Logic_Core!J5:J30,4),Logic_Core!J5:J30,0)),"—") -> — | C20: =IFERROR(INDEX(Logic_Core!D5:D30,MATCH(LARGE(Logic_Core!J5:J30,4),Logic_Core!J5:J30,0)),"—") -> — | D20: =IFERROR(INDEX(Logic_Core!I5:I30,MATCH(LARGE(Logic_Core!J5:J30,4),Logic_Core!J5:J30,0)),"—") -> — | E20: =IFERROR(LARGE(Logic_Core!J5:J30,4),"—") -> — | F20: =IFERROR(IF(LARGE(Logic_Core!J5:J30,4)>=0.9,"🔥 ELITE",IF(LARGE(Logic_Core!J5:J30,4)>=0.8,"✅ HOT",IF(LARGE(Logic_Core!J5:J30,4)>=0.6,"🟡 WARM","❌ COLD"))),"—") -> —
A21: 5 | B21: =IFERROR(INDEX(Logic_Core!A5:A30,MATCH(LARGE(Logic_Core!J5:J30,5),Logic_Core!J5:J30,0)),"—") -> — | C21: =IFERROR(INDEX(Logic_Core!D5:D30,MATCH(LARGE(Logic_Core!J5:J30,5),Logic_Core!J5:J30,0)),"—") -> — | D21: =IFERROR(INDEX(Logic_Core!I5:I30,MATCH(LARGE(Logic_Core!J5:J30,5),Logic_Core!J5:J30,0)),"—") -> — | E21: =IFERROR(LARGE(Logic_Core!J5:J30,5),"—") -> — | F21: =IFERROR(IF(LARGE(Logic_Core!J5:J30,5)>=0.9,"🔥 ELITE",IF(LARGE(Logic_Core!J5:J30,5)>=0.8,"✅ HOT",IF(LARGE(Logic_Core!J5:J30,5)>=0.6,"🟡 WARM","❌ COLD"))),"—") -> —
A22: 6 | B22: =IFERROR(INDEX(Logic_Core!A5:A30,MATCH(LARGE(Logic_Core!J5:J30,6),Logic_Core!J5:J30,0)),"—") -> — | C22: =IFERROR(INDEX(Logic_Core!D5:D30,MATCH(LARGE(Logic_Core!J5:J30,6),Logic_Core!J5:J30,0)),"—") -> — | D22: =IFERROR(INDEX(Logic_Core!I5:I30,MATCH(LARGE(Logic_Core!J5:J30,6),Logic_Core!J5:J30,0)),"—") -> — | E22: =IFERROR(LARGE(Logic_Core!J5:J30,6),"—") -> — | F22: =IFERROR(IF(LARGE(Logic_Core!J5:J30,6)>=0.9,"🔥 ELITE",IF(LARGE(Logic_Core!J5:J30,6)>=0.8,"✅ HOT",IF(LARGE(Logic_Core!J5:J30,6)>=0.6,"🟡 WARM","❌ COLD"))),"—") -> —
A23: 7 | B23: =IFERROR(INDEX(Logic_Core!A5:A30,MATCH(LARGE(Logic_Core!J5:J30,7),Logic_Core!J5:J30,0)),"—") -> — | C23: =IFERROR(INDEX(Logic_Core!D5:D30,MATCH(LARGE(Logic_Core!J5:J30,7),Logic_Core!J5:J30,0)),"—") -> — | D23: =IFERROR(INDEX(Logic_Core!I5:I30,MATCH(LARGE(Logic_Core!J5:J30,7),Logic_Core!J5:J30,0)),"—") -> — | E23: =IFERROR(LARGE(Logic_Core!J5:J30,7),"—") -> — | F23: =IFERROR(IF(LARGE(Logic_Core!J5:J30,7)>=0.9,"🔥 ELITE",IF(LARGE(Logic_Core!J5:J30,7)>=0.8,"✅ HOT",IF(LARGE(Logic_Core!J5:J30,7)>=0.6,"🟡 WARM","❌ COLD"))),"—") -> —
A24: 8 | B24: =IFERROR(INDEX(Logic_Core!A5:A30,MATCH(LARGE(Logic_Core!J5:J30,8),Logic_Core!J5:J30,0)),"—") -> — | C24: =IFERROR(INDEX(Logic_Core!D5:D30,MATCH(LARGE(Logic_Core!J5:J30,8),Logic_Core!J5:J30,0)),"—") -> — | D24: =IFERROR(INDEX(Logic_Core!I5:I30,MATCH(LARGE(Logic_Core!J5:J30,8),Logic_Core!J5:J30,0)),"—") -> — | E24: =IFERROR(LARGE(Logic_Core!J5:J30,8),"—") -> — | F24: =IFERROR(IF(LARGE(Logic_Core!J5:J30,8)>=0.9,"🔥 ELITE",IF(LARGE(Logic_Core!J5:J30,8)>=0.8,"✅ HOT",IF(LARGE(Logic_Core!J5:J30,8)>=0.6,"🟡 WARM","❌ COLD"))),"—") -> —

Sheet DeepScan_Engine
A1: ⚙️ DEEP-SCAN ENGINE | Hidden Pattern Detector & Apps Script Reference
A2: ⚠ EXCEL VERSION: Use the VBA Macro in Sheet 'VBA_Macro' for Excel. For Google Sheets, copy the Apps Script below into Extensions → Apps Script.
A3: SIGN POSITION | B3: SIGN VALUE | C3: TOTAL OBS | D3: FASTBALL % | E3: CURVEBALL % | F3: SLIDER % | G3: CHANGEUP % | H3: DOMINANT PITCH | I3: CONFIDENCE | J3: HOT?
A4: Position 1 | B4: 1 | C4: =COUNTIFS(Live_Input!M3:M102,1,Live_Input!L3:L102,"<>"&"") -> 0 | D4: =IFERROR(COUNTIFS(Live_Input!M3:M102,1,Live_Input!L3:L102,"Fastball")/C4,"") | E4: =IFERROR(COUNTIFS(Live_Input!M3:M102,1,Live_Input!L3:L102,"Curveball")/C4,"") | F4: =IFERROR(COUNTIFS(Live_Input!M3:M102,1,Live_Input!L3:L102,"Slider")/C4,"") | G4: =IFERROR(COUNTIFS(Live_Input!M3:M102,1,Live_Input!L3:L102,"Changeup")/C4,"") | H4: =IFERROR(INDEX({"Fastball","Curveball","Slider","Changeup"},MATCH(MAX(D4:G4),D4:G4,0)),"") | I4: =IFERROR(MAX(D4:G4),"") -> 0 | J4: =IF(AND(C4>=5,I4>=0.8),"🔥 HOT","—") -> —
A5: Position 1 | B5: 2 | C5: =COUNTIFS(Live_Input!M3:M102,2,Live_Input!L3:L102,"<>"&"") -> 0 | D5: =IFERROR(COUNTIFS(Live_Input!M3:M102,2,Live_Input!L3:L102,"Fastball")/C5,"") | E5: =IFERROR(COUNTIFS(Live_Input!M3:M102,2,Live_Input!L3:L102,"Curveball")/C5,"") | F5: =IFERROR(COUNTIFS(Live_Input!M3:M102,2,Live_Input!L3:L102,"Slider")/C5,"") | G5: =IFERROR(COUNTIFS(Live_Input!M3:M102,2,Live_Input!L3:L102,"Changeup")/C5,"") | H5: =IFERROR(INDEX({"Fastball","Curveball","Slider","Changeup"},MATCH(MAX(D5:G5),D5:G5,0)),"") | I5: =IFERROR(MAX(D5:G5),"") -> 0 | J5: =IF(AND(C5>=5,I5>=0.8),"🔥 HOT","—") -> —
A6: Position 1 | B6: 3 | C6: =COUNTIFS(Live_Input!M3:M102,3,Live_Input!L3:L102,"<>"&"") -> 0 | D6: =IFERROR(COUNTIFS(Live_Input!M3:M102,3,Live_Input!L3:L102,"Fastball")/C6,"") | E6: =IFERROR(COUNTIFS(Live_Input!M3:M102,3,Live_Input!L3:L102,"Curveball")/C6,"") | F6: =IFERROR(COUNTIFS(Live_Input!M3:M102,3,Live_Input!L3:L102,"Slider")/C6,"") | G6: =IFERROR(COUNTIFS(Live_Input!M3:M102,3,Live_Input!L3:L102,"Changeup")/C6,"") | H6: =IFERROR(INDEX({"Fastball","Curveball","Slider","Changeup"},MATCH(MAX(D6:G6),D6:G6,0)),"") | I6: =IFERROR(MAX(D6:G6),"") -> 0 | J6: =IF(AND(C6>=5,I6>=0.8),"🔥 HOT","—") -> —
A7: Position 1 | B7: 4 | C7: =COUNTIFS(Live_Input!M3:M102,4,Live_Input!L3:L102,"<>"&"") -> 0 | D7: =IFERROR(COUNTIFS(Live_Input!M3:M102,4,Live_Input!L3:L102,"Fastball")/C7,"") | E7: =IFERROR(COUNTIFS(Live_Input!M3:M102,4,Live_Input!L3:L102,"Curveball")/C7,"") | F7: =IFERROR(COUNTIFS(Live_Input!M3:M102,4,Live_Input!L3:L102,"Slider")/C7,"") | G7: =IFERROR(COUNTIFS(Live_Input!M3:M102,4,Live_Input!L3:L102,"Changeup")/C7,"") | H7: =IFERROR(INDEX({"Fastball","Curveball","Slider","Changeup"},MATCH(MAX(D7:G7),D7:G7,0)),"") | I7: =IFERROR(MAX(D7:G7),"") -> 0 | J7: =IF(AND(C7>=5,I7>=0.8),"🔥 HOT","—") -> —
A8: Position 1 | B8: 5 | C8: =COUNTIFS(Live_Input!M3:M102,5,Live_Input!L3:L102,"<>"&"") -> 0 | D8: =IFERROR(COUNTIFS(Live_Input!M3:M102,5,Live_Input!L3:L102,"Fastball")/C8,"") | E8: =IFERROR(COUNTIFS(Live_Input!M3:M102,5,Live_Input!L3:L102,"Curveball")/C8,"") | F8: =IFERROR(COUNTIFS(Live_Input!M3:M102,5,Live_Input!L3:L102,"Slider")/C8,"") | G8: =IFERROR(COUNTIFS(Live_Input!M3:M102,5,Live_Input!L3:L102,"Changeup")/C8,"") | H8: =IFERROR(INDEX({"Fastball","Curveball","Slider","Changeup"},MATCH(MAX(D8:G8),D8:G8,0)),"") | I8: =IFERROR(MAX(D8:G8),"") -> 0 | J8: =IF(AND(C8>=5,I8>=0.8),"🔥 HOT","—") -> —
A9: Position 2 | B9: 1 | C9: =COUNTIFS(Live_Input!N3:N102,1,Live_Input!L3:L102,"<>"&"") -> 0 | D9: =IFERROR(COUNTIFS(Live_Input!N3:N102,1,Live_Input!L3:L102,"Fastball")/C9,"") | E9: =IFERROR(COUNTIFS(Live_Input!N3:N102,1,Live_Input!L3:L102,"Curveball")/C9,"") | F9: =IFERROR(COUNTIFS(Live_Input!N3:N102,1,Live_Input!L3:L102,"Slider")/C9,"") | G9: =IFERROR(COUNTIFS(Live_Input!N3:N102,1,Live_Input!L3:L102,"Changeup")/C9,"") | H9: =IFERROR(INDEX({"Fastball","Curveball","Slider","Changeup"},MATCH(MAX(D9:G9),D9:G9,0)),"") | I9: =IFERROR(MAX(D9:G9),"") -> 0 | J9: =IF(AND(C9>=5,I9>=0.8),"🔥 HOT","—") -> —
A10: Position 2 | B10: 2 | C10: =COUNTIFS(Live_Input!N3:N102,2,Live_Input!L3:L102,"<>"&"") -> 0 | D10: =IFERROR(COUNTIFS(Live_Input!N3:N102,2,Live_Input!L3:L102,"Fastball")/C10,"") | E10: =IFERROR(COUNTIFS(Live_Input!N3:N102,2,Live_Input!L3:L102,"Curveball")/C10,"") | F10: =IFERROR(COUNTIFS(Live_Input!N3:N102,2,Live_Input!L3:L102,"Slider")/C10,"") | G10: =IFERROR(COUNTIFS(Live_Input!N3:N102,2,Live_Input!L3:L102,"Changeup")/C10,"") | H10: =IFERROR(INDEX({"Fastball","Curveball","Slider","Changeup"},MATCH(MAX(D10:G10),D10:G10,0)),"") | I10: =IFERROR(MAX(D10:G10),"") -> 0 | J10: =IF(AND(C10>=5,I10>=0.8),"🔥 HOT","—") -> —
A11: Position 2 | B11: 3 | C11: =COUNTIFS(Live_Input!N3:N102,3,Live_Input!L3:L102,"<>"&"") -> 0 | D11: =IFERROR(COUNTIFS(Live_Input!N3:N102,3,Live_Input!L3:L102,"Fastball")/C11,"") | E11: =IFERROR(COUNTIFS(Live_Input!N3:N102,3,Live_Input!L3:L102,"Curveball")/C11,"") | F11: =IFERROR(COUNTIFS(Live_Input!N3:N102,3,Live_Input!L3:L102,"Slider")/C11,"") | G11: =IFERROR(COUNTIFS(Live_Input!N3:N102,3,Live_Input!L3:L102,"Changeup")/C11,"") | H11: =IFERROR(INDEX({"Fastball","Curveball","Slider","Changeup"},MATCH(MAX(D11:G11),D11:G11,0)),"") | I11: =IFERROR(MAX(D11:G11),"") -> 0 | J11: =IF(AND(C11>=5,I11>=0.8),"🔥 HOT","—") -> —
A12: Position 2 | B12: 4 | C12: =COUNTIFS(Live_Input!N3:N102,4,Live_Input!L3:L102,"<>"&"") -> 0 | D12: =IFERROR(COUNTIFS(Live_Input!N3:N102,4,Live_Input!L3:L102,"Fastball")/C12,"") | E12: =IFERROR(COUNTIFS(Live_Input!N3:N102,4,Live_Input!L3:L102,"Curveball")/C12,"") | F12: =IFERROR(COUNTIFS(Live_Input!N3:N102,4,Live_Input!L3:L102,"Slider")/C12,"") | G12: =IFERROR(COUNTIFS(Live_Input!N3:N102,4,Live_Input!L3:L102,"Changeup")/C12,"") | H12: =IFERROR(INDEX({"Fastball","Curveball","Slider","Changeup"},MATCH(MAX(D12:G12),D12:G12,0)),"") | I12: =IFERROR(MAX(D12:G12),"") -> 0 | J12: =IF(AND(C12>=5,I12>=0.8),"🔥 HOT","—") -> —
A13: Position 2 | B13: 5 | C13: =COUNTIFS(Live_Input!N3:N102,5,Live_Input!L3:L102,"<>"&"") -> 0 | D13: =IFERROR(COUNTIFS(Live_Input!N3:N102,5,Live_Input!L3:L102,"Fastball")/C13,"") | E13: =IFERROR(COUNTIFS(Live_Input!N3:N102,5,Live_Input!L3:L102,"Curveball")/C13,"") | F13: =IFERROR(COUNTIFS(Live_Input!N3:N102,5,Live_Input!L3:L102,"Slider")/C13,"") | G13: =IFERROR(COUNTIFS(Live_Input!N3:N102,5,Live_Input!L3:L102,"Changeup")/C13,"") | H13: =IFERROR(INDEX({"Fastball","Curveball","Slider","Changeup"},MATCH(MAX(D13:G13),D13:G13,0)),"") | I13: =IFERROR(MAX(D13:G13),"") -> 0 | J13: =IF(AND(C13>=5,I13>=0.8),"🔥 HOT","—") -> —
A14: Position 3 | B14: 1 | C14: =COUNTIFS(Live_Input!O3:O102,1,Live_Input!L3:L102,"<>"&"") -> 0 | D14: =IFERROR(COUNTIFS(Live_Input!O3:O102,1,Live_Input!L3:L102,"Fastball")/C14,"") | E14: =IFERROR(COUNTIFS(Live_Input!O3:O102,1,Live_Input!L3:L102,"Curveball")/C14,"") | F14: =IFERROR(COUNTIFS(Live_Input!O3:O102,1,Live_Input!L3:L102,"Slider")/C14,"") | G14: =IFERROR(COUNTIFS(Live_Input!O3:O102,1,Live_Input!L3:L102,"Changeup")/C14,"") | H14: =IFERROR(INDEX({"Fastball","Curveball","Slider","Changeup"},MATCH(MAX(D14:G14),D14:G14,0)),"") | I14: =IFERROR(MAX(D14:G14),"") -> 0 | J14: =IF(AND(C14>=5,I14>=0.8),"🔥 HOT","—") -> —
A15: Position 3 | B15: 2 | C15: =COUNTIFS(Live_Input!O3:O102,2,Live_Input!L3:L102,"<>"&"") -> 0 | D15: =IFERROR(COUNTIFS(Live_Input!O3:O102,2,Live_Input!L3:L102,"Fastball")/C15,"") | E15: =IFERROR(COUNTIFS(Live_Input!O3:O102,2,Live_Input!L3:L102,"Curveball")/C15,"") | F15: =IFERROR(COUNTIFS(Live_Input!O3:O102,2,Live_Input!L3:L102,"Slider")/C15,"") | G15: =IFERROR(COUNTIFS(Live_Input!O3:O102,2,Live_Input!L3:L102,"Changeup")/C15,"") | H15: =IFERROR(INDEX({"Fastball","Curveball","Slider","Changeup"},MATCH(MAX(D15:G15),D15:G15,0)),"") | I15: =IFERROR(MAX(D15:G15),"") -> 0 | J15: =IF(AND(C15>=5,I15>=0.8),"🔥 HOT","—") -> —
A16: Position 3 | B16: 3 | C16: =COUNTIFS(Live_Input!O3:O102,3,Live_Input!L3:L102,"<>"&"") -> 0 | D16: =IFERROR(COUNTIFS(Live_Input!O3:O102,3,Live_Input!L3:L102,"Fastball")/C16,"") | E16: =IFERROR(COUNTIFS(Live_Input!O3:O102,3,Live_Input!L3:L102,"Curveball")/C16,"") | F16: =IFERROR(COUNTIFS(Live_Input!O3:O102,3,Live_Input!L3:L102,"Slider")/C16,"") | G16: =IFERROR(COUNTIFS(Live_Input!O3:O102,3,Live_Input!L3:L102,"Changeup")/C16,"") | H16: =IFERROR(INDEX({"Fastball","Curveball","Slider","Changeup"},MATCH(MAX(D16:G16),D16:G16,0)),"") | I16: =IFERROR(MAX(D16:G16),"") -> 0 | J16: =IF(AND(C16>=5,I16>=0.8),"🔥 HOT","—") -> —
A17: Position 3 | B17: 4 | C17: =COUNTIFS(Live_Input!O3:O102,4,Live_Input!L3:L102,"<>"&"") -> 0 | D17: =IFERROR(COUNTIFS(Live_Input!O3:O102,4,Live_Input!L3:L102,"Fastball")/C17,"") | E17: =IFERROR(COUNTIFS(Live_Input!O3:O102,4,Live_Input!L3:L102,"Curveball")/C17,"") | F17: =IFERROR(COUNTIFS(Live_Input!O3:O102,4,Live_Input!L3:L102,"Slider")/C17,"") | G17: =IFERROR(COUNTIFS(Live_Input!O3:O102,4,Live_Input!L3:L102,"Changeup")/C17,"") | H17: =IFERROR(INDEX({"Fastball","Curveball","Slider","Changeup"},MATCH(MAX(D17:G17),D17:G17,0)),"") | I17: =IFERROR(MAX(D17:G17),"") -> 0 | J17: =IF(AND(C17>=5,I17>=0.8),"🔥 HOT","—") -> —
A18: Position 3 | B18: 5 | C18: =COUNTIFS(Live_Input!O3:O102,5,Live_Input!L3:L102,"<>"&"") -> 0 | D18: =IFERROR(COUNTIFS(Live_Input!O3:O102,5,Live_Input!L3:L102,"Fastball")/C18,"") | E18: =IFERROR(COUNTIFS(Live_Input!O3:O102,5,Live_Input!L3:L102,"Curveball")/C18,"") | F18: =IFERROR(COUNTIFS(Live_Input!O3:O102,5,Live_Input!L3:L102,"Slider")/C18,"") | G18: =IFERROR(COUNTIFS(Live_Input!O3:O102,5,Live_Input!L3:L102,"Changeup")/C18,"") | H18: =IFERROR(INDEX({"Fastball","Curveball","Slider","Changeup"},MATCH(MAX(D18:G18),D18:G18,0)),"") | I18: =IFERROR(MAX(D18:G18),"") -> 0 | J18: =IF(AND(C18>=5,I18>=0.8),"🔥 HOT","—") -> —
A19: Position 4 | B19: 1 | C19: =COUNTIFS(Live_Input!P3:P102,1,Live_Input!L3:L102,"<>"&"") -> 0 | D19: =IFERROR(COUNTIFS(Live_Input!P3:P102,1,Live_Input!L3:L102,"Fastball")/C19,"") | E19: =IFERROR(COUNTIFS(Live_Input!P3:P102,1,Live_Input!L3:L102,"Curveball")/C19,"") | F19: =IFERROR(COUNTIFS(Live_Input!P3:P102,1,Live_Input!L3:L102,"Slider")/C19,"") | G19: =IFERROR(COUNTIFS(Live_Input!P3:P102,1,Live_Input!L3:L102,"Changeup")/C19,"") | H19: =IFERROR(INDEX({"Fastball","Curveball","Slider","Changeup"},MATCH(MAX(D19:G19),D19:G19,0)),"") | I19: =IFERROR(MAX(D19:G19),"") -> 0 | J19: =IF(AND(C19>=5,I19>=0.8),"🔥 HOT","—") -> —
A20: Position 4 | B20: 2 | C20: =COUNTIFS(Live_Input!P3:P102,2,Live_Input!L3:L102,"<>"&"") -> 0 | D20: =IFERROR(COUNTIFS(Live_Input!P3:P102,2,Live_Input!L3:L102,"Fastball")/C20,"") | E20: =IFERROR(COUNTIFS(Live_Input!P3:P102,2,Live_Input!L3:L102,"Curveball")/C20,"") | F20: =IFERROR(COUNTIFS(Live_Input!P3:P102,2,Live_Input!L3:L102,"Slider")/C20,"") | G20: =IFERROR(COUNTIFS(Live_Input!P3:P102,2,Live_Input!L3:L102,"Changeup")/C20,"") | H20: =IFERROR(INDEX({"Fastball","Curveball","Slider","Changeup"},MATCH(MAX(D20:G20),D20:G20,0)),"") | I20: =IFERROR(MAX(D20:G20),"") -> 0 | J20: =IF(AND(C20>=5,I20>=0.8),"🔥 HOT","—") -> —
A21: Position 4 | B21: 3 | C21: =COUNTIFS(Live_Input!P3:P102,3,Live_Input!L3:L102,"<>"&"") -> 0 | D21: =IFERROR(COUNTIFS(Live_Input!P3:P102,3,Live_Input!L3:L102,"Fastball")/C21,"") | E21: =IFERROR(COUNTIFS(Live_Input!P3:P102,3,Live_Input!L3:L102,"Curveball")/C21,"") | F21: =IFERROR(COUNTIFS(Live_Input!P3:P102,3,Live_Input!L3:L102,"Slider")/C21,"") | G21: =IFERROR(COUNTIFS(Live_Input!P3:P102,3,Live_Input!L3:L102,"Changeup")/C21,"") | H21: =IFERROR(INDEX({"Fastball","Curveball","Slider","Changeup"},MATCH(MAX(D21:G21),D21:G21,0)),"") | I21: =IFERROR(MAX(D21:G21),"") -> 0 | J21: =IF(AND(C21>=5,I21>=0.8),"🔥 HOT","—") -> —
A22: Position 4 | B22: 4 | C22: =COUNTIFS(Live_Input!P3:P102,4,Live_Input!L3:L102,"<>"&"") -> 0 | D22: =IFERROR(COUNTIFS(Live_Input!P3:P102,4,Live_Input!L3:L102,"Fastball")/C22,"") | E22: =IFERROR(COUNTIFS(Live_Input!P3:P102,4,Live_Input!L3:L102,"Curveball")/C22,"") | F22: =IFERROR(COUNTIFS(Live_Input!P3:P102,4,Live_Input!L3:L102,"Slider")/C22,"") | G22: =IFERROR(COUNTIFS(Live_Input!P3:P102,4,Live_Input!L3:L102,"Changeup")/C22,"") | H22: =IFERROR(INDEX({"Fastball","Curveball","Slider","Changeup"},MATCH(MAX(D22:G22),D22:G22,0)),"") | I22: =IFERROR(MAX(D22:G22),"") -> 0 | J22: =IF(AND(C22>=5,I22>=0.8),"🔥 HOT","—") -> —
A23: Position 4 | B23: 5 | C23: =COUNTIFS(Live_Input!P3:P102,5,Live_Input!L3:L102,"<>"&"") -> 0 | D23: =IFERROR(COUNTIFS(Live_Input!P3:P102,5,Live_Input!L3:L102,"Fastball")/C23,"") | E23: =IFERROR(COUNTIFS(Live_Input!P3:P102,5,Live_Input!L3:L102,"Curveball")/C23,"") | F23: =IFERROR(COUNTIFS(Live_Input!P3:P102,5,Live_Input!L3:L102,"Slider")/C23,"") | G23: =IFERROR(COUNTIFS(Live_Input!P3:P102,5,Live_Input!L3:L102,"Changeup")/C23,"") | H23: =IFERROR(INDEX({"Fastball","Curveball","Slider","Changeup"},MATCH(MAX(D23:G23),D23:G23,0)),"") | I23: =IFERROR(MAX(D23:G23),"") -> 0 | J23: =IF(AND(C23>=5,I23>=0.8),"🔥 HOT","—") -> —
A24: Position 5 | B24: 1 | C24: =COUNTIFS(Live_Input!Q3:Q102,1,Live_Input!L3:L102,"<>"&"") -> 0 | D24: =IFERROR(COUNTIFS(Live_Input!Q3:Q102,1,Live_Input!L3:L102,"Fastball")/C24,"") | E24: =IFERROR(COUNTIFS(Live_Input!Q3:Q102,1,Live_Input!L3:L102,"Curveball")/C24,"") | F24: =IFERROR(COUNTIFS(Live_Input!Q3:Q102,1,Live_Input!L3:L102,"Slider")/C24,"") | G24: =IFERROR(COUNTIFS(Live_Input!Q3:Q102,1,Live_Input!L3:L102,"Changeup")/C24,"") | H24: =IFERROR(INDEX({"Fastball","Curveball","Slider","Changeup"},MATCH(MAX(D24:G24),D24:G24,0)),"") | I24: =IFERROR(MAX(D24:G24),"") -> 0 | J24: =IF(AND(C24>=5,I24>=0.8),"🔥 HOT","—") -> —
A25: Position 5 | B25: 2 | C25: =COUNTIFS(Live_Input!Q3:Q102,2,Live_Input!L3:L102,"<>"&"") -> 0 | D25: =IFERROR(COUNTIFS(Live_Input!Q3:Q102,2,Live_Input!L3:L102,"Fastball")/C25,"") | E25: =IFERROR(COUNTIFS(Live_Input!Q3:Q102,2,Live_Input!L3:L102,"Curveball")/C25,"") | F25: =IFERROR(COUNTIFS(Live_Input!Q3:Q102,2,Live_Input!L3:L102,"Slider")/C25,"") | G25: =IFERROR(COUNTIFS(Live_Input!Q3:Q102,2,Live_Input!L3:L102,"Changeup")/C25,"") | H25: =IFERROR(INDEX({"Fastball","Curveball","Slider","Changeup"},MATCH(MAX(D25:G25),D25:G25,0)),"") | I25: =IFERROR(MAX(D25:G25),"") -> 0 | J25: =IF(AND(C25>=5,I25>=0.8),"🔥 HOT","—") -> —
A26: Position 5 | B26: 3 | C26: =COUNTIFS(Live_Input!Q3:Q102,3,Live_Input!L3:L102,"<>"&"") -> 0 | D26: =IFERROR(COUNTIFS(Live_Input!Q3:Q102,3,Live_Input!L3:L102,"Fastball")/C26,"") | E26: =IFERROR(COUNTIFS(Live_Input!Q3:Q102,3,Live_Input!L3:L102,"Curveball")/C26,"") | F26: =IFERROR(COUNTIFS(Live_Input!Q3:Q102,3,Live_Input!L3:L102,"Slider")/C26,"") | G26: =IFERROR(COUNTIFS(Live_Input!Q3:Q102,3,Live_Input!L3:L102,"Changeup")/C26,"") | H26: =IFERROR(INDEX({"Fastball","Curveball","Slider","Changeup"},MATCH(MAX(D26:G26),D26:G26,0)),"") | I26: =IFERROR(MAX(D26:G26),"") -> 0 | J26: =IF(AND(C26>=5,I26>=0.8),"🔥 HOT","—") -> —
A27: Position 5 | B27: 4 | C27: =COUNTIFS(Live_Input!Q3:Q102,4,Live_Input!L3:L102,"<>"&"") -> 0 | D27: =IFERROR(COUNTIFS(Live_Input!Q3:Q102,4,Live_Input!L3:L102,"Fastball")/C27,"") | E27: =IFERROR(COUNTIFS(Live_Input!Q3:Q102,4,Live_Input!L3:L102,"Curveball")/C27,"") | F27: =IFERROR(COUNTIFS(Live_Input!Q3:Q102,4,Live_Input!L3:L102,"Slider")/C27,"") | G27: =IFERROR(COUNTIFS(Live_Input!Q3:Q102,4,Live_Input!L3:L102,"Changeup")/C27,"") | H27: =IFERROR(INDEX({"Fastball","Curveball","Slider","Changeup"},MATCH(MAX(D27:G27),D27:G27,0)),"") | I27: =IFERROR(MAX(D27:G27),"") -> 0 | J27: =IF(AND(C27>=5,I27>=0.8),"🔥 HOT","—") -> —
A28: Position 5 | B28: 5 | C28: =COUNTIFS(Live_Input!Q3:Q102,5,Live_Input!L3:L102,"<>"&"") -> 0 | D28: =IFERROR(COUNTIFS(Live_Input!Q3:Q102,5,Live_Input!L3:L102,"Fastball")/C28,"") | E28: =IFERROR(COUNTIFS(Live_Input!Q3:Q102,5,Live_Input!L3:L102,"Curveball")/C28,"") | F28: =IFERROR(COUNTIFS(Live_Input!Q3:Q102,5,Live_Input!L3:L102,"Slider")/C28,"") | G28: =IFERROR(COUNTIFS(Live_Input!Q3:Q102,5,Live_Input!L3:L102,"Changeup")/C28,"") | H28: =IFERROR(INDEX({"Fastball","Curveball","Slider","Changeup"},MATCH(MAX(D28:G28),D28:G28,0)),"") | I28: =IFERROR(MAX(D28:G28),"") -> 0 | J28: =IF(AND(C28>=5,I28>=0.8),"🔥 HOT","—") -> —
A29: Position 6 | B29: 1 | C29: =COUNTIFS(Live_Input!R3:R102,1,Live_Input!L3:L102,"<>"&"") -> 0 | D29: =IFERROR(COUNTIFS(Live_Input!R3:R102,1,Live_Input!L3:L102,"Fastball")/C29,"") | E29: =IFERROR(COUNTIFS(Live_Input!R3:R102,1,Live_Input!L3:L102,"Curveball")/C29,"") | F29: =IFERROR(COUNTIFS(Live_Input!R3:R102,1,Live_Input!L3:L102,"Slider")/C29,"") | G29: =IFERROR(COUNTIFS(Live_Input!R3:R102,1,Live_Input!L3:L102,"Changeup")/C29,"") | H29: =IFERROR(INDEX({"Fastball","Curveball","Slider","Changeup"},MATCH(MAX(D29:G29),D29:G29,0)),"") | I29: =IFERROR(MAX(D29:G29),"") -> 0 | J29: =IF(AND(C29>=5,I29>=0.8),"🔥 HOT","—") -> —
A30: Position 6 | B30: 2 | C30: =COUNTIFS(Live_Input!R3:R102,2,Live_Input!L3:L102,"<>"&"") -> 0 | D30: =IFERROR(COUNTIFS(Live_Input!R3:R102,2,Live_Input!L3:L102,"Fastball")/C30,"") | E30: =IFERROR(COUNTIFS(Live_Input!R3:R102,2,Live_Input!L3:L102,"Curveball")/C30,"") | F30: =IFERROR(COUNTIFS(Live_Input!R3:R102,2,Live_Input!L3:L102,"Slider")/C30,"") | G30: =IFERROR(COUNTIFS(Live_Input!R3:R102,2,Live_Input!L3:L102,"Changeup")/C30,"") | H30: =IFERROR(INDEX({"Fastball","Curveball","Slider","Changeup"},MATCH(MAX(D30:G30),D30:G30,0)),"") | I30: =IFERROR(MAX(D30:G30),"") -> 0 | J30: =IF(AND(C30>=5,I30>=0.8),"🔥 HOT","—") -> —
A31: Position 6 | B31: 3 | C31: =COUNTIFS(Live_Input!R3:R102,3,Live_Input!L3:L102,"<>"&"") -> 0 | D31: =IFERROR(COUNTIFS(Live_Input!R3:R102,3,Live_Input!L3:L102,"Fastball")/C31,"") | E31: =IFERROR(COUNTIFS(Live_Input!R3:R102,3,Live_Input!L3:L102,"Curveball")/C31,"") | F31: =IFERROR(COUNTIFS(Live_Input!R3:R102,3,Live_Input!L3:L102,"Slider")/C31,"") | G31: =IFERROR(COUNTIFS(Live_Input!R3:R102,3,Live_Input!L3:L102,"Changeup")/C31,"") | H31: =IFERROR(INDEX({"Fastball","Curveball","Slider","Changeup"},MATCH(MAX(D31:G31),D31:G31,0)),"") | I31: =IFERROR(MAX(D31:G31),"") -> 0 | J31: =IF(AND(C31>=5,I31>=0.8),"🔥 HOT","—") -> —
A32: Position 6 | B32: 4 | C32: =COUNTIFS(Live_Input!R3:R102,4,Live_Input!L3:L102,"<>"&"") -> 0 | D32: =IFERROR(COUNTIFS(Live_Input!R3:R102,4,Live_Input!L3:L102,"Fastball")/C32,"") | E32: =IFERROR(COUNTIFS(Live_Input!R3:R102,4,Live_Input!L3:L102,"Curveball")/C32,"") | F32: =IFERROR(COUNTIFS(Live_Input!R3:R102,4,Live_Input!L3:L102,"Slider")/C32,"") | G32: =IFERROR(COUNTIFS(Live_Input!R3:R102,4,Live_Input!L3:L102,"Changeup")/C32,"") | H32: =IFERROR(INDEX({"Fastball","Curveball","Slider","Changeup"},MATCH(MAX(D32:G32),D32:G32,0)),"") | I32: =IFERROR(MAX(D32:G32),"") -> 0 | J32: =IF(AND(C32>=5,I32>=0.8),"🔥 HOT","—") -> —
A33: Position 6 | B33: 5 | C33: =COUNTIFS(Live_Input!R3:R102,5,Live_Input!L3:L102,"<>"&"") -> 0 | D33: =IFERROR(COUNTIFS(Live_Input!R3:R102,5,Live_Input!L3:L102,"Fastball")/C33,"") | E33: =IFERROR(COUNTIFS(Live_Input!R3:R102,5,Live_Input!L3:L102,"Curveball")/C33,"") | F33: =IFERROR(COUNTIFS(Live_Input!R3:R102,5,Live_Input!L3:L102,"Slider")/C33,"") | G33: =IFERROR(COUNTIFS(Live_Input!R3:R102,5,Live_Input!L3:L102,"Changeup")/C33,"") | H33: =IFERROR(INDEX({"Fastball","Curveball","Slider","Changeup"},MATCH(MAX(D33:G33),D33:G33,0)),"") | I33: =IFERROR(MAX(D33:G33),"") -> 0 | J33: =IF(AND(C33>=5,I33>=0.8),"🔥 HOT","—") -> —
A34: Position 7 | B34: 1 | C34: =COUNTIFS(Live_Input!S3:S102,1,Live_Input!L3:L102,"<>"&"") -> 0 | D34: =IFERROR(COUNTIFS(Live_Input!S3:S102,1,Live_Input!L3:L102,"Fastball")/C34,"") | E34: =IFERROR(COUNTIFS(Live_Input!S3:S102,1,Live_Input!L3:L102,"Curveball")/C34,"") | F34: =IFERROR(COUNTIFS(Live_Input!S3:S102,1,Live_Input!L3:L102,"Slider")/C34,"") | G34: =IFERROR(COUNTIFS(Live_Input!S3:S102,1,Live_Input!L3:L102,"Changeup")/C34,"") | H34: =IFERROR(INDEX({"Fastball","Curveball","Slider","Changeup"},MATCH(MAX(D34:G34),D34:G34,0)),"") | I34: =IFERROR(MAX(D34:G34),"") -> 0 | J34: =IF(AND(C34>=5,I34>=0.8),"🔥 HOT","—") -> —
A35: Position 7 | B35: 2 | C35: =COUNTIFS(Live_Input!S3:S102,2,Live_Input!L3:L102,"<>"&"") -> 0 | D35: =IFERROR(COUNTIFS(Live_Input!S3:S102,2,Live_Input!L3:L102,"Fastball")/C35,"") | E35: =IFERROR(COUNTIFS(Live_Input!S3:S102,2,Live_Input!L3:L102,"Curveball")/C35,"") | F35: =IFERROR(COUNTIFS(Live_Input!S3:S102,2,Live_Input!L3:L102,"Slider")/C35,"") | G35: =IFERROR(COUNTIFS(Live_Input!S3:S102,2,Live_Input!L3:L102,"Changeup")/C35,"") | H35: =IFERROR(INDEX({"Fastball","Curveball","Slider","Changeup"},MATCH(MAX(D35:G35),D35:G35,0)),"") | I35: =IFERROR(MAX(D35:G35),"") -> 0 | J35: =IF(AND(C35>=5,I35>=0.8),"🔥 HOT","—") -> —
A36: Position 7 | B36: 3 | C36: =COUNTIFS(Live_Input!S3:S102,3,Live_Input!L3:L102,"<>"&"") -> 0 | D36: =IFERROR(COUNTIFS(Live_Input!S3:S102,3,Live_Input!L3:L102,"Fastball")/C36,"") | E36: =IFERROR(COUNTIFS(Live_Input!S3:S102,3,Live_Input!L3:L102,"Curveball")/C36,"") | F36: =IFERROR(COUNTIFS(Live_Input!S3:S102,3,Live_Input!L3:L102,"Slider")/C36,"") | G36: =IFERROR(COUNTIFS(Live_Input!S3:S102,3,Live_Input!L3:L102,"Changeup")/C36,"") | H36: =IFERROR(INDEX({"Fastball","Curveball","Slider","Changeup"},MATCH(MAX(D36:G36),D36:G36,0)),"") | I36: =IFERROR(MAX(D36:G36),"") -> 0 | J36: =IF(AND(C36>=5,I36>=0.8),"🔥 HOT","—") -> —
A37: Position 7 | B37: 4 | C37: =COUNTIFS(Live_Input!S3:S102,4,Live_Input!L3:L102,"<>"&"") -> 0 | D37: =IFERROR(COUNTIFS(Live_Input!S3:S102,4,Live_Input!L3:L102,"Fastball")/C37,"") | E37: =IFERROR(COUNTIFS(Live_Input!S3:S102,4,Live_Input!L3:L102,"Curveball")/C37,"") | F37: =IFERROR(COUNTIFS(Live_Input!S3:S102,4,Live_Input!L3:L102,"Slider")/C37,"") | G37: =IFERROR(COUNTIFS(Live_Input!S3:S102,4,Live_Input!L3:L102,"Changeup")/C37,"") | H37: =IFERROR(INDEX({"Fastball","Curveball","Slider","Changeup"},MATCH(MAX(D37:G37),D37:G37,0)),"") | I37: =IFERROR(MAX(D37:G37),"") -> 0 | J37: =IF(AND(C37>=5,I37>=0.8),"🔥 HOT","—") -> —
A38: Position 7 | B38: 5 | C38: =COUNTIFS(Live_Input!S3:S102,5,Live_Input!L3:L102,"<>"&"") -> 0 | D38: =IFERROR(COUNTIFS(Live_Input!S3:S102,5,Live_Input!L3:L102,"Fastball")/C38,"") | E38: =IFERROR(COUNTIFS(Live_Input!S3:S102,5,Live_Input!L3:L102,"Curveball")/C38,"") | F38: =IFERROR(COUNTIFS(Live_Input!S3:S102,5,Live_Input!L3:L102,"Slider")/C38,"") | G38: =IFERROR(COUNTIFS(Live_Input!S3:S102,5,Live_Input!L3:L102,"Changeup")/C38,"") | H38: =IFERROR(INDEX({"Fastball","Curveball","Slider","Changeup"},MATCH(MAX(D38:G38),D38:G38,0)),"") | I38: =IFERROR(MAX(D38:G38),"") -> 0 | J38: =IF(AND(C38>=5,I38>=0.8),"🔥 HOT","—") -> —

Sheet VBA_Macro
A1: VBA MACRO | runPatternAnalysis() — Deep Scan Engine for Excel
A2: INSTRUCTIONS | B2: 1. Press Alt+F11 to open VBA Editor | 2. Insert → Module | 3. Paste code below | 4. Run runPatternAnalysis()
A3: Sub runPatternAnalysis()
A4: ' =====================================================================
A5: ' SIGNAL-INTERCEPT: Deep Pattern Analysis Engine
A6: ' Run this macro to scan all Live_Input data and identify hidden
A7: ' indicator correlations, evaluate Last Sign vs Fixed Position,
A8: ' highlight HOT theories, and fire alerts at 90%+ confidence.
A9: ' =====================================================================
A11: Dim wsIn As Worksheet, wsLogic As Worksheet, wsRT As Worksheet, wsScan As Worksheet
A12: Set wsIn = ThisWorkbook.Sheets("Live_Input")
A13: Set wsLogic = ThisWorkbook.Sheets("Logic_Core")
A14: Set wsRT = ThisWorkbook.Sheets("RealTime_Prediction")
A15: Set wsScan = ThisWorkbook.Sheets("DeepScan_Engine")
... A165: End Sub

Sheet Instructions
A1: 📋 SIGNAL-INTERCEPT | How To Use This Workbook
A2: SHEET | B2: PURPOSE | C2: HOW TO USE IT
A3: Live_Input | B3: Real-time data entry for every pitch | C3: Enter Inning/Outs/Count/Score in cols A-D. Check boxes for physical tells (F-J). Type raw sign string in col K (e.g. 2-4-1-3-1). Select pitch result from dropdown in col L. Cols M-W auto-calculate.
A4: Logic_Core | B4: Pattern correlation matrix | C4: Formulas auto-calculate as you add data. Confidence % appears in col J once 5+ observations exist. Rows turn green (80%+), yellow (60-79%), red (<60%) after running the VBA macro. Review which theory has the highest confidence.
A5: RealTime_Prediction | B5: Live dashboard — your coaching tool | C5: Watch the 'Predicted Pitch' cell (B4) for the current best guess. Scouting Alerts (rows 8-13) auto-update with warnings. The leaderboard (rows 17-24) ranks all theories. Refresh after each half-inning.
A6: DeepScan_Engine | B6: Hidden indicator pattern grid | C6: Shows confidence for every (sign position × sign value) combination. Run the VBA macro (Alt+F8 → runPatternAnalysis) to highlight HOT patterns and receive alerts at 90%+ confidence.
A7: VBA_Macro | B7: Excel macro code | C7: Copy the code into the VBA editor (Alt+F11 → Insert Module). Run runPatternAnalysis() at any time for a full deep scan. The macro re-colors Logic_Core rows and fires a popup alert at 90%+ confidence with 5+ observations.
A8: ─── KEY CONCEPTS ───
A9: Indicator System | B9: A 'key' number precedes the real sign | C9: Example: If '4' is always followed by the actual pitch call, then 4 is the indicator. Logic_Core Section 2 tests every number 1-5 as a potential key.
A10: Inning Flip | B10: Sign position changes by inning parity | C10: Some teams use Sign 1 in odd innings and Sign 2 in even innings. Logic_Core Section 3 tests this automatically.
A11: Tell Flip | B11: Physical movement changes the decode rule | C11: When a catcher touches his mask or wipes his chest, the active sign position may shift. Checking the appropriate box in Live_Input captures this.
A12: Runner on 2nd | B12: Triggers more complex sign sequences | C12: With a runner on 2nd who can steal signs, teams switch from simple (1-2 sign) to complex (4-7 sign) systems. The E column checkbox enables this comparison in Logic_Core Section 5.
A13: Shake Count | B13: Pitcher shake offsets the sign position | C13: If the pitcher shakes once, some teams increment the indicator position by +1. Log shakes in col V; the W column auto-calculates the shake-adjusted sign for testing.
A14: Sign Reset | B14: Wipe cancels previous signs | C14: Check col J (Sign Reset?) if the catcher wiped all signs mid-sequence. The parser will still show all signs but the Scouting Alert will warn you to treat pre-reset signs as noise.
